Compiling C++ files...
cl : Command line warning D9025 : overriding '/EHs' with '/EHa'
imgui_freetype.cpp
C:\Dev\security\israeliclient2.0\19\framework\data\imgui_freetype.cpp(1,1): warning C4828: The file contains a character starting at offset 0xf48 that is illegal in the current source character set (codepage 65001).
C:\Dev\security\israeliclient2.0\19\framework\data\imgui_freetype.cpp(1,1): warning C4828: The file contains a character starting at offset 0xf4d that is illegal in the current source character set (codepage 65001).
texture_loader.cpp
C:\Dev\security\israeliclient2.0\19\thirdparty\dxsdk\Include\dxgitype.h(12,9): warning C4005: 'DXGI_STATUS_OCCLUDED': macro redefinition
C:\Program Files (x86)\Windows Kits\10\Include\10.0.26100.0\shared\winerror.h(59282,9): note: see previous definition of 'DXGI_STATUS_OCCLUDED'
C:\Dev\security\israeliclient2.0\19\thirdparty\dxsdk\Include\dxgitype.h(13,9): warning C4005: 'DXGI_STATUS_CLIPPED': macro redefinition
C:\Program Files (x86)\Windows Kits\10\Include\10.0.26100.0\shared\winerror.h(59291,9): note: see previous definition of 'DXGI_STATUS_CLIPPED'
C:\Dev\security\israeliclient2.0\19\thirdparty\dxsdk\Include\dxgitype.h(14,9): warning C4005: 'DXGI_STATUS_NO_REDIRECTION': macro redefinition
C:\Program Files (x86)\Windows Kits\10\Include\10.0.26100.0\shared\winerror.h(59300,9): note: see previous definition of 'DXGI_STATUS_NO_REDIRECTION'
C:\Dev\security\israeliclient2.0\19\thirdparty\dxsdk\Include\dxgitype.h(15,9): warning C4005: 'DXGI_STATUS_NO_DESKTOP_ACCESS': macro redefinition
C:\Program Files (x86)\Windows Kits\10\Include\10.0.26100.0\shared\winerror.h(59309,9): note: see previous definition of 'DXGI_STATUS_NO_DESKTOP_ACCESS'
C:\Dev\security\israeliclient2.0\19\thirdparty\dxsdk\Include\dxgitype.h(16,9): warning C4005: 'DXGI_STATUS_GRAPHICS_VIDPN_SOURCE_IN_USE': macro redefinition
C:\Program Files (x86)\Windows Kits\10\Include\10.0.26100.0\shared\winerror.h(59318,9): note: see previous definition of 'DXGI_STATUS_GRAPHICS_VIDPN_SOURCE_IN_USE'
C:\Dev\security\israeliclient2.0\19\thirdparty\dxsdk\Include\dxgitype.h(17,9): warning C4005: 'DXGI_STATUS_MODE_CHANGED': macro redefinition
C:\Program Files (x86)\Windows Kits\10\Include\10.0.26100.0\shared\winerror.h(59327,9): note: see previous definition of 'DXGI_STATUS_MODE_CHANGED'
C:\Dev\security\israeliclient2.0\19\thirdparty\dxsdk\Include\dxgitype.h(18,9): warning C4005: 'DXGI_STATUS_MODE_CHANGE_IN_PROGRESS': macro redefinition
C:\Program Files (x86)\Windows Kits\10\Include\10.0.26100.0\shared\winerror.h(59336,9): note: see previous definition of 'DXGI_STATUS_MODE_CHANGE_IN_PROGRESS'
C:\Dev\security\israeliclient2.0\19\thirdparty\dxsdk\Include\dxgitype.h(21,9): warning C4005: 'DXGI_ERROR_INVALID_CALL': macro redefinition
C:\Program Files (x86)\Windows Kits\10\Include\10.0.26100.0\shared\winerror.h(59351,9): note: see previous definition of 'DXGI_ERROR_INVALID_CALL'
C:\Dev\security\israeliclient2.0\19\thirdparty\dxsdk\Include\dxgitype.h(22,9): warning C4005: 'DXGI_ERROR_NOT_FOUND': macro redefinition
C:\Program Files (x86)\Windows Kits\10\Include\10.0.26100.0\shared\winerror.h(59360,9): note: see previous definition of 'DXGI_ERROR_NOT_FOUND'
C:\Dev\security\israeliclient2.0\19\thirdparty\dxsdk\Include\dxgitype.h(23,9): warning C4005: 'DXGI_ERROR_MORE_DATA': macro redefinition
C:\Program Files (x86)\Windows Kits\10\Include\10.0.26100.0\shared\winerror.h(59369,9): note: see previous definition of 'DXGI_ERROR_MORE_DATA'
C:\Dev\security\israeliclient2.0\19\thirdparty\dxsdk\Include\dxgitype.h(24,9): warning C4005: 'DXGI_ERROR_UNSUPPORTED': macro redefinition
C:\Program Files (x86)\Windows Kits\10\Include\10.0.26100.0\shared\winerror.h(59378,9): note: see previous definition of 'DXGI_ERROR_UNSUPPORTED'
C:\Dev\security\israeliclient2.0\19\thirdparty\dxsdk\Include\dxgitype.h(25,9): warning C4005: 'DXGI_ERROR_DEVICE_REMOVED': macro redefinition
C:\Program Files (x86)\Windows Kits\10\Include\10.0.26100.0\shared\winerror.h(59387,9): note: see previous definition of 'DXGI_ERROR_DEVICE_REMOVED'
C:\Dev\security\israeliclient2.0\19\thirdparty\dxsdk\Include\dxgitype.h(26,9): warning C4005: 'DXGI_ERROR_DEVICE_HUNG': macro redefinition
C:\Program Files (x86)\Windows Kits\10\Include\10.0.26100.0\shared\winerror.h(59396,9): note: see previous definition of 'DXGI_ERROR_DEVICE_HUNG'
C:\Dev\security\israeliclient2.0\19\thirdparty\dxsdk\Include\dxgitype.h(27,9): warning C4005: 'DXGI_ERROR_DEVICE_RESET': macro redefinition
C:\Program Files (x86)\Windows Kits\10\Include\10.0.26100.0\shared\winerror.h(59406,9): note: see previous definition of 'DXGI_ERROR_DEVICE_RESET'
C:\Dev\security\israeliclient2.0\19\thirdparty\dxsdk\Include\dxgitype.h(28,9): warning C4005: 'DXGI_ERROR_WAS_STILL_DRAWING': macro redefinition
C:\Program Files (x86)\Windows Kits\10\Include\10.0.26100.0\shared\winerror.h(59415,9): note: see previous definition of 'DXGI_ERROR_WAS_STILL_DRAWING'
C:\Dev\security\israeliclient2.0\19\thirdparty\dxsdk\Include\dxgitype.h(29,9): warning C4005: 'DXGI_ERROR_FRAME_STATISTICS_DISJOINT': macro redefinition
C:\Program Files (x86)\Windows Kits\10\Include\10.0.26100.0\shared\winerror.h(59425,9): note: see previous definition of 'DXGI_ERROR_FRAME_STATISTICS_DISJOINT'
C:\Dev\security\israeliclient2.0\19\thirdparty\dxsdk\Include\dxgitype.h(30,9): warning C4005: 'DXGI_ERROR_GRAPHICS_VIDPN_SOURCE_IN_USE': macro redefinition
C:\Program Files (x86)\Windows Kits\10\Include\10.0.26100.0\shared\winerror.h(59434,9): note: see previous definition of 'DXGI_ERROR_GRAPHICS_VIDPN_SOURCE_IN_USE'
C:\Dev\security\israeliclient2.0\19\thirdparty\dxsdk\Include\dxgitype.h(31,9): warning C4005: 'DXGI_ERROR_DRIVER_INTERNAL_ERROR': macro redefinition
C:\Program Files (x86)\Windows Kits\10\Include\10.0.26100.0\shared\winerror.h(59444,9): note: see previous definition of 'DXGI_ERROR_DRIVER_INTERNAL_ERROR'
C:\Dev\security\israeliclient2.0\19\thirdparty\dxsdk\Include\dxgitype.h(32,9): warning C4005: 'DXGI_ERROR_NONEXCLUSIVE': macro redefinition
C:\Program Files (x86)\Windows Kits\10\Include\10.0.26100.0\shared\winerror.h(59453,9): note: see previous definition of 'DXGI_ERROR_NONEXCLUSIVE'
C:\Dev\security\israeliclient2.0\19\thirdparty\dxsdk\Include\dxgitype.h(33,9): warning C4005: 'DXGI_ERROR_NOT_CURRENTLY_AVAILABLE': macro redefinition
C:\Program Files (x86)\Windows Kits\10\Include\10.0.26100.0\shared\winerror.h(59462,9): note: see previous definition of 'DXGI_ERROR_NOT_CURRENTLY_AVAILABLE'
C:\Dev\security\israeliclient2.0\19\thirdparty\dxsdk\Include\dxgitype.h(34,9): warning C4005: 'DXGI_ERROR_REMOTE_CLIENT_DISCONNECTED': macro redefinition
C:\Program Files (x86)\Windows Kits\10\Include\10.0.26100.0\shared\winerror.h(59472,9): note: see previous definition of 'DXGI_ERROR_REMOTE_CLIENT_DISCONNECTED'
C:\Dev\security\israeliclient2.0\19\thirdparty\dxsdk\Include\dxgitype.h(35,9): warning C4005: 'DXGI_ERROR_REMOTE_OUTOFMEMORY': macro redefinition
C:\Program Files (x86)\Windows Kits\10\Include\10.0.26100.0\shared\winerror.h(59481,9): note: see previous definition of 'DXGI_ERROR_REMOTE_OUTOFMEMORY'
C:\Dev\security\israeliclient2.0\19\thirdparty\dxsdk\Include\d3d11.h(917,9): warning C4005: 'D3D11_ERROR_TOO_MANY_UNIQUE_STATE_OBJECTS': macro redefinition
C:\Program Files (x86)\Windows Kits\10\Include\10.0.26100.0\shared\winerror.h(59796,9): note: see previous definition of 'D3D11_ERROR_TOO_MANY_UNIQUE_STATE_OBJECTS'
C:\Dev\security\israeliclient2.0\19\thirdparty\dxsdk\Include\d3d11.h(918,9): warning C4005: 'D3D11_ERROR_FILE_NOT_FOUND': macro redefinition
C:\Program Files (x86)\Windows Kits\10\Include\10.0.26100.0\shared\winerror.h(59805,9): note: see previous definition of 'D3D11_ERROR_FILE_NOT_FOUND'
C:\Dev\security\israeliclient2.0\19\thirdparty\dxsdk\Include\d3d11.h(919,9): warning C4005: 'D3D11_ERROR_TOO_MANY_UNIQUE_VIEW_OBJECTS': macro redefinition
C:\Program Files (x86)\Windows Kits\10\Include\10.0.26100.0\shared\winerror.h(59815,9): note: see previous definition of 'D3D11_ERROR_TOO_MANY_UNIQUE_VIEW_OBJECTS'
C:\Dev\security\israeliclient2.0\19\thirdparty\dxsdk\Include\d3d11.h(920,9): warning C4005: 'D3D11_ERROR_DEFERRED_CONTEXT_MAP_WITHOUT_INITIAL_DISCARD': macro redefinition
C:\Program Files (x86)\Windows Kits\10\Include\10.0.26100.0\shared\winerror.h(59824,9): note: see previous definition of 'D3D11_ERROR_DEFERRED_CONTEXT_MAP_WITHOUT_INITIAL_DISCARD'
C:\Dev\security\israeliclient2.0\19\thirdparty\dxsdk\Include\d3d10.h(608,9): warning C4005: 'D3D10_ERROR_TOO_MANY_UNIQUE_STATE_OBJECTS': macro redefinition
C:\Program Files (x86)\Windows Kits\10\Include\10.0.26100.0\shared\winerror.h(59772,9): note: see previous definition of 'D3D10_ERROR_TOO_MANY_UNIQUE_STATE_OBJECTS'
C:\Dev\security\israeliclient2.0\19\thirdparty\dxsdk\Include\d3d10.h(609,9): warning C4005: 'D3D10_ERROR_FILE_NOT_FOUND': macro redefinition
C:\Program Files (x86)\Windows Kits\10\Include\10.0.26100.0\shared\winerror.h(59781,9): note: see previous definition of 'D3D10_ERROR_FILE_NOT_FOUND'
base_elements.cpp
C:\Dev\security\israeliclient2.0\19\thirdparty\dxsdk\Include\dxgitype.h(12,9): warning C4005: 'DXGI_STATUS_OCCLUDED': macro redefinition
C:\Program Files (x86)\Windows Kits\10\Include\10.0.26100.0\shared\winerror.h(59282,9): note: see previous definition of 'DXGI_STATUS_OCCLUDED'
C:\Dev\security\israeliclient2.0\19\thirdparty\dxsdk\Include\dxgitype.h(13,9): warning C4005: 'DXGI_STATUS_CLIPPED': macro redefinition
C:\Program Files (x86)\Windows Kits\10\Include\10.0.26100.0\shared\winerror.h(59291,9): note: see previous definition of 'DXGI_STATUS_CLIPPED'
C:\Dev\security\israeliclient2.0\19\thirdparty\dxsdk\Include\dxgitype.h(14,9): warning C4005: 'DXGI_STATUS_NO_REDIRECTION': macro redefinition
C:\Program Files (x86)\Windows Kits\10\Include\10.0.26100.0\shared\winerror.h(59300,9): note: see previous definition of 'DXGI_STATUS_NO_REDIRECTION'
C:\Dev\security\israeliclient2.0\19\thirdparty\dxsdk\Include\dxgitype.h(15,9): warning C4005: 'DXGI_STATUS_NO_DESKTOP_ACCESS': macro redefinition
C:\Program Files (x86)\Windows Kits\10\Include\10.0.26100.0\shared\winerror.h(59309,9): note: see previous definition of 'DXGI_STATUS_NO_DESKTOP_ACCESS'
C:\Dev\security\israeliclient2.0\19\thirdparty\dxsdk\Include\dxgitype.h(16,9): warning C4005: 'DXGI_STATUS_GRAPHICS_VIDPN_SOURCE_IN_USE': macro redefinition
C:\Program Files (x86)\Windows Kits\10\Include\10.0.26100.0\shared\winerror.h(59318,9): note: see previous definition of 'DXGI_STATUS_GRAPHICS_VIDPN_SOURCE_IN_USE'
C:\Dev\security\israeliclient2.0\19\thirdparty\dxsdk\Include\dxgitype.h(17,9): warning C4005: 'DXGI_STATUS_MODE_CHANGED': macro redefinition
C:\Program Files (x86)\Windows Kits\10\Include\10.0.26100.0\shared\winerror.h(59327,9): note: see previous definition of 'DXGI_STATUS_MODE_CHANGED'
C:\Dev\security\israeliclient2.0\19\thirdparty\dxsdk\Include\dxgitype.h(18,9): warning C4005: 'DXGI_STATUS_MODE_CHANGE_IN_PROGRESS': macro redefinition
C:\Program Files (x86)\Windows Kits\10\Include\10.0.26100.0\shared\winerror.h(59336,9): note: see previous definition of 'DXGI_STATUS_MODE_CHANGE_IN_PROGRESS'
C:\Dev\security\israeliclient2.0\19\thirdparty\dxsdk\Include\dxgitype.h(21,9): warning C4005: 'DXGI_ERROR_INVALID_CALL': macro redefinition
C:\Program Files (x86)\Windows Kits\10\Include\10.0.26100.0\shared\winerror.h(59351,9): note: see previous definition of 'DXGI_ERROR_INVALID_CALL'
C:\Dev\security\israeliclient2.0\19\thirdparty\dxsdk\Include\dxgitype.h(22,9): warning C4005: 'DXGI_ERROR_NOT_FOUND': macro redefinition
C:\Program Files (x86)\Windows Kits\10\Include\10.0.26100.0\shared\winerror.h(59360,9): note: see previous definition of 'DXGI_ERROR_NOT_FOUND'
C:\Dev\security\israeliclient2.0\19\thirdparty\dxsdk\Include\dxgitype.h(23,9): warning C4005: 'DXGI_ERROR_MORE_DATA': macro redefinition
C:\Program Files (x86)\Windows Kits\10\Include\10.0.26100.0\shared\winerror.h(59369,9): note: see previous definition of 'DXGI_ERROR_MORE_DATA'
C:\Dev\security\israeliclient2.0\19\thirdparty\dxsdk\Include\dxgitype.h(24,9): warning C4005: 'DXGI_ERROR_UNSUPPORTED': macro redefinition
C:\Program Files (x86)\Windows Kits\10\Include\10.0.26100.0\shared\winerror.h(59378,9): note: see previous definition of 'DXGI_ERROR_UNSUPPORTED'
C:\Dev\security\israeliclient2.0\19\thirdparty\dxsdk\Include\dxgitype.h(25,9): warning C4005: 'DXGI_ERROR_DEVICE_REMOVED': macro redefinition
C:\Program Files (x86)\Windows Kits\10\Include\10.0.26100.0\shared\winerror.h(59387,9): note: see previous definition of 'DXGI_ERROR_DEVICE_REMOVED'
C:\Dev\security\israeliclient2.0\19\thirdparty\dxsdk\Include\dxgitype.h(26,9): warning C4005: 'DXGI_ERROR_DEVICE_HUNG': macro redefinition
C:\Program Files (x86)\Windows Kits\10\Include\10.0.26100.0\shared\winerror.h(59396,9): note: see previous definition of 'DXGI_ERROR_DEVICE_HUNG'
C:\Dev\security\israeliclient2.0\19\thirdparty\dxsdk\Include\dxgitype.h(27,9): warning C4005: 'DXGI_ERROR_DEVICE_RESET': macro redefinition
C:\Program Files (x86)\Windows Kits\10\Include\10.0.26100.0\shared\winerror.h(59406,9): note: see previous definition of 'DXGI_ERROR_DEVICE_RESET'
C:\Dev\security\israeliclient2.0\19\thirdparty\dxsdk\Include\dxgitype.h(28,9): warning C4005: 'DXGI_ERROR_WAS_STILL_DRAWING': macro redefinition
C:\Program Files (x86)\Windows Kits\10\Include\10.0.26100.0\shared\winerror.h(59415,9): note: see previous definition of 'DXGI_ERROR_WAS_STILL_DRAWING'
C:\Dev\security\israeliclient2.0\19\thirdparty\dxsdk\Include\dxgitype.h(29,9): warning C4005: 'DXGI_ERROR_FRAME_STATISTICS_DISJOINT': macro redefinition
C:\Program Files (x86)\Windows Kits\10\Include\10.0.26100.0\shared\winerror.h(59425,9): note: see previous definition of 'DXGI_ERROR_FRAME_STATISTICS_DISJOINT'
C:\Dev\security\israeliclient2.0\19\thirdparty\dxsdk\Include\dxgitype.h(30,9): warning C4005: 'DXGI_ERROR_GRAPHICS_VIDPN_SOURCE_IN_USE': macro redefinition
C:\Program Files (x86)\Windows Kits\10\Include\10.0.26100.0\shared\winerror.h(59434,9): note: see previous definition of 'DXGI_ERROR_GRAPHICS_VIDPN_SOURCE_IN_USE'
C:\Dev\security\israeliclient2.0\19\thirdparty\dxsdk\Include\dxgitype.h(31,9): warning C4005: 'DXGI_ERROR_DRIVER_INTERNAL_ERROR': macro redefinition
C:\Program Files (x86)\Windows Kits\10\Include\10.0.26100.0\shared\winerror.h(59444,9): note: see previous definition of 'DXGI_ERROR_DRIVER_INTERNAL_ERROR'
C:\Dev\security\israeliclient2.0\19\thirdparty\dxsdk\Include\dxgitype.h(32,9): warning C4005: 'DXGI_ERROR_NONEXCLUSIVE': macro redefinition
C:\Program Files (x86)\Windows Kits\10\Include\10.0.26100.0\shared\winerror.h(59453,9): note: see previous definition of 'DXGI_ERROR_NONEXCLUSIVE'
C:\Dev\security\israeliclient2.0\19\thirdparty\dxsdk\Include\dxgitype.h(33,9): warning C4005: 'DXGI_ERROR_NOT_CURRENTLY_AVAILABLE': macro redefinition
C:\Program Files (x86)\Windows Kits\10\Include\10.0.26100.0\shared\winerror.h(59462,9): note: see previous definition of 'DXGI_ERROR_NOT_CURRENTLY_AVAILABLE'
C:\Dev\security\israeliclient2.0\19\thirdparty\dxsdk\Include\dxgitype.h(34,9): warning C4005: 'DXGI_ERROR_REMOTE_CLIENT_DISCONNECTED': macro redefinition
C:\Program Files (x86)\Windows Kits\10\Include\10.0.26100.0\shared\winerror.h(59472,9): note: see previous definition of 'DXGI_ERROR_REMOTE_CLIENT_DISCONNECTED'
C:\Dev\security\israeliclient2.0\19\thirdparty\dxsdk\Include\dxgitype.h(35,9): warning C4005: 'DXGI_ERROR_REMOTE_OUTOFMEMORY': macro redefinition
C:\Program Files (x86)\Windows Kits\10\Include\10.0.26100.0\shared\winerror.h(59481,9): note: see previous definition of 'DXGI_ERROR_REMOTE_OUTOFMEMORY'
C:\Dev\security\israeliclient2.0\19\thirdparty\dxsdk\Include\d3d11.h(917,9): warning C4005: 'D3D11_ERROR_TOO_MANY_UNIQUE_STATE_OBJECTS': macro redefinition
C:\Program Files (x86)\Windows Kits\10\Include\10.0.26100.0\shared\winerror.h(59796,9): note: see previous definition of 'D3D11_ERROR_TOO_MANY_UNIQUE_STATE_OBJECTS'
C:\Dev\security\israeliclient2.0\19\thirdparty\dxsdk\Include\d3d11.h(918,9): warning C4005: 'D3D11_ERROR_FILE_NOT_FOUND': macro redefinition
C:\Program Files (x86)\Windows Kits\10\Include\10.0.26100.0\shared\winerror.h(59805,9): note: see previous definition of 'D3D11_ERROR_FILE_NOT_FOUND'
C:\Dev\security\israeliclient2.0\19\thirdparty\dxsdk\Include\d3d11.h(919,9): warning C4005: 'D3D11_ERROR_TOO_MANY_UNIQUE_VIEW_OBJECTS': macro redefinition
C:\Program Files (x86)\Windows Kits\10\Include\10.0.26100.0\shared\winerror.h(59815,9): note: see previous definition of 'D3D11_ERROR_TOO_MANY_UNIQUE_VIEW_OBJECTS'
C:\Dev\security\israeliclient2.0\19\thirdparty\dxsdk\Include\d3d11.h(920,9): warning C4005: 'D3D11_ERROR_DEFERRED_CONTEXT_MAP_WITHOUT_INITIAL_DISCARD': macro redefinition
C:\Program Files (x86)\Windows Kits\10\Include\10.0.26100.0\shared\winerror.h(59824,9): note: see previous definition of 'D3D11_ERROR_DEFERRED_CONTEXT_MAP_WITHOUT_INITIAL_DISCARD'
C:\Dev\security\israeliclient2.0\19\thirdparty\dxsdk\Include\d3d10.h(608,9): warning C4005: 'D3D10_ERROR_TOO_MANY_UNIQUE_STATE_OBJECTS': macro redefinition
C:\Program Files (x86)\Windows Kits\10\Include\10.0.26100.0\shared\winerror.h(59772,9): note: see previous definition of 'D3D10_ERROR_TOO_MANY_UNIQUE_STATE_OBJECTS'
C:\Dev\security\israeliclient2.0\19\thirdparty\dxsdk\Include\d3d10.h(609,9): warning C4005: 'D3D10_ERROR_FILE_NOT_FOUND': macro redefinition
C:\Program Files (x86)\Windows Kits\10\Include\10.0.26100.0\shared\winerror.h(59781,9): note: see previous definition of 'D3D10_ERROR_FILE_NOT_FOUND'
C:\Dev\security\israeliclient2.0\19\framework\settings\functions.h(42,31): warning C4459: declaration of 'var' hides global declaration
C:\Dev\security\israeliclient2.0\19\framework\settings\variables.h(650,20): note: see declaration of 'var'
C:\Dev\security\israeliclient2.0\19\framework\settings\functions.h(402,90): warning C4244: 'return': conversion from 'double' to 'float', possible loss of data
C:\Dev\security\israeliclient2.0\19\framework\settings\functions.h(404,52): warning C4305: 'initializing': truncation from 'double' to 'float'
C:\Dev\security\israeliclient2.0\19\framework\settings\functions.h(404,116): warning C4244: 'return': conversion from 'double' to 'float', possible loss of data
C:\Dev\security\israeliclient2.0\19\framework\data\sounds.h(1,1): warning C4828: The file contains a character starting at offset 0x29 that is illegal in the current source character set (codepage 65001).
C:\Dev\security\israeliclient2.0\19\framework\functional\base_elements.cpp(19,11): warning C4101: 'current_position': unreferenced local variable
C:\Dev\security\israeliclient2.0\19\framework\functional\base_elements.cpp(65,19): warning C4189: 'g': local variable is initialized but not referenced
begin.cpp
C:\Dev\security\israeliclient2.0\19\thirdparty\dxsdk\Include\dxgitype.h(12,9): warning C4005: 'DXGI_STATUS_OCCLUDED': macro redefinition
C:\Program Files (x86)\Windows Kits\10\Include\10.0.26100.0\shared\winerror.h(59282,9): note: see previous definition of 'DXGI_STATUS_OCCLUDED'
C:\Dev\security\israeliclient2.0\19\thirdparty\dxsdk\Include\dxgitype.h(13,9): warning C4005: 'DXGI_STATUS_CLIPPED': macro redefinition
C:\Program Files (x86)\Windows Kits\10\Include\10.0.26100.0\shared\winerror.h(59291,9): note: see previous definition of 'DXGI_STATUS_CLIPPED'
C:\Dev\security\israeliclient2.0\19\thirdparty\dxsdk\Include\dxgitype.h(14,9): warning C4005: 'DXGI_STATUS_NO_REDIRECTION': macro redefinition
C:\Program Files (x86)\Windows Kits\10\Include\10.0.26100.0\shared\winerror.h(59300,9): note: see previous definition of 'DXGI_STATUS_NO_REDIRECTION'
C:\Dev\security\israeliclient2.0\19\thirdparty\dxsdk\Include\dxgitype.h(15,9): warning C4005: 'DXGI_STATUS_NO_DESKTOP_ACCESS': macro redefinition
C:\Program Files (x86)\Windows Kits\10\Include\10.0.26100.0\shared\winerror.h(59309,9): note: see previous definition of 'DXGI_STATUS_NO_DESKTOP_ACCESS'
C:\Dev\security\israeliclient2.0\19\thirdparty\dxsdk\Include\dxgitype.h(16,9): warning C4005: 'DXGI_STATUS_GRAPHICS_VIDPN_SOURCE_IN_USE': macro redefinition
C:\Program Files (x86)\Windows Kits\10\Include\10.0.26100.0\shared\winerror.h(59318,9): note: see previous definition of 'DXGI_STATUS_GRAPHICS_VIDPN_SOURCE_IN_USE'
C:\Dev\security\israeliclient2.0\19\thirdparty\dxsdk\Include\dxgitype.h(17,9): warning C4005: 'DXGI_STATUS_MODE_CHANGED': macro redefinition
C:\Program Files (x86)\Windows Kits\10\Include\10.0.26100.0\shared\winerror.h(59327,9): note: see previous definition of 'DXGI_STATUS_MODE_CHANGED'
C:\Dev\security\israeliclient2.0\19\thirdparty\dxsdk\Include\dxgitype.h(18,9): warning C4005: 'DXGI_STATUS_MODE_CHANGE_IN_PROGRESS': macro redefinition
C:\Program Files (x86)\Windows Kits\10\Include\10.0.26100.0\shared\winerror.h(59336,9): note: see previous definition of 'DXGI_STATUS_MODE_CHANGE_IN_PROGRESS'
C:\Dev\security\israeliclient2.0\19\thirdparty\dxsdk\Include\dxgitype.h(21,9): warning C4005: 'DXGI_ERROR_INVALID_CALL': macro redefinition
C:\Program Files (x86)\Windows Kits\10\Include\10.0.26100.0\shared\winerror.h(59351,9): note: see previous definition of 'DXGI_ERROR_INVALID_CALL'
C:\Dev\security\israeliclient2.0\19\thirdparty\dxsdk\Include\dxgitype.h(22,9): warning C4005: 'DXGI_ERROR_NOT_FOUND': macro redefinition
C:\Program Files (x86)\Windows Kits\10\Include\10.0.26100.0\shared\winerror.h(59360,9): note: see previous definition of 'DXGI_ERROR_NOT_FOUND'
C:\Dev\security\israeliclient2.0\19\thirdparty\dxsdk\Include\dxgitype.h(23,9): warning C4005: 'DXGI_ERROR_MORE_DATA': macro redefinition
C:\Program Files (x86)\Windows Kits\10\Include\10.0.26100.0\shared\winerror.h(59369,9): note: see previous definition of 'DXGI_ERROR_MORE_DATA'
C:\Dev\security\israeliclient2.0\19\thirdparty\dxsdk\Include\dxgitype.h(24,9): warning C4005: 'DXGI_ERROR_UNSUPPORTED': macro redefinition
C:\Program Files (x86)\Windows Kits\10\Include\10.0.26100.0\shared\winerror.h(59378,9): note: see previous definition of 'DXGI_ERROR_UNSUPPORTED'
C:\Dev\security\israeliclient2.0\19\thirdparty\dxsdk\Include\dxgitype.h(25,9): warning C4005: 'DXGI_ERROR_DEVICE_REMOVED': macro redefinition
C:\Program Files (x86)\Windows Kits\10\Include\10.0.26100.0\shared\winerror.h(59387,9): note: see previous definition of 'DXGI_ERROR_DEVICE_REMOVED'
C:\Dev\security\israeliclient2.0\19\thirdparty\dxsdk\Include\dxgitype.h(26,9): warning C4005: 'DXGI_ERROR_DEVICE_HUNG': macro redefinition
C:\Program Files (x86)\Windows Kits\10\Include\10.0.26100.0\shared\winerror.h(59396,9): note: see previous definition of 'DXGI_ERROR_DEVICE_HUNG'
C:\Dev\security\israeliclient2.0\19\thirdparty\dxsdk\Include\dxgitype.h(27,9): warning C4005: 'DXGI_ERROR_DEVICE_RESET': macro redefinition
C:\Program Files (x86)\Windows Kits\10\Include\10.0.26100.0\shared\winerror.h(59406,9): note: see previous definition of 'DXGI_ERROR_DEVICE_RESET'
C:\Dev\security\israeliclient2.0\19\thirdparty\dxsdk\Include\dxgitype.h(28,9): warning C4005: 'DXGI_ERROR_WAS_STILL_DRAWING': macro redefinition
C:\Program Files (x86)\Windows Kits\10\Include\10.0.26100.0\shared\winerror.h(59415,9): note: see previous definition of 'DXGI_ERROR_WAS_STILL_DRAWING'
C:\Dev\security\israeliclient2.0\19\thirdparty\dxsdk\Include\dxgitype.h(29,9): warning C4005: 'DXGI_ERROR_FRAME_STATISTICS_DISJOINT': macro redefinition
C:\Program Files (x86)\Windows Kits\10\Include\10.0.26100.0\shared\winerror.h(59425,9): note: see previous definition of 'DXGI_ERROR_FRAME_STATISTICS_DISJOINT'
C:\Dev\security\israeliclient2.0\19\thirdparty\dxsdk\Include\dxgitype.h(30,9): warning C4005: 'DXGI_ERROR_GRAPHICS_VIDPN_SOURCE_IN_USE': macro redefinition
C:\Program Files (x86)\Windows Kits\10\Include\10.0.26100.0\shared\winerror.h(59434,9): note: see previous definition of 'DXGI_ERROR_GRAPHICS_VIDPN_SOURCE_IN_USE'
C:\Dev\security\israeliclient2.0\19\thirdparty\dxsdk\Include\dxgitype.h(31,9): warning C4005: 'DXGI_ERROR_DRIVER_INTERNAL_ERROR': macro redefinition
C:\Program Files (x86)\Windows Kits\10\Include\10.0.26100.0\shared\winerror.h(59444,9): note: see previous definition of 'DXGI_ERROR_DRIVER_INTERNAL_ERROR'
C:\Dev\security\israeliclient2.0\19\thirdparty\dxsdk\Include\dxgitype.h(32,9): warning C4005: 'DXGI_ERROR_NONEXCLUSIVE': macro redefinition
C:\Program Files (x86)\Windows Kits\10\Include\10.0.26100.0\shared\winerror.h(59453,9): note: see previous definition of 'DXGI_ERROR_NONEXCLUSIVE'
C:\Dev\security\israeliclient2.0\19\thirdparty\dxsdk\Include\dxgitype.h(33,9): warning C4005: 'DXGI_ERROR_NOT_CURRENTLY_AVAILABLE': macro redefinition
C:\Program Files (x86)\Windows Kits\10\Include\10.0.26100.0\shared\winerror.h(59462,9): note: see previous definition of 'DXGI_ERROR_NOT_CURRENTLY_AVAILABLE'
C:\Dev\security\israeliclient2.0\19\thirdparty\dxsdk\Include\dxgitype.h(34,9): warning C4005: 'DXGI_ERROR_REMOTE_CLIENT_DISCONNECTED': macro redefinition
C:\Program Files (x86)\Windows Kits\10\Include\10.0.26100.0\shared\winerror.h(59472,9): note: see previous definition of 'DXGI_ERROR_REMOTE_CLIENT_DISCONNECTED'
C:\Dev\security\israeliclient2.0\19\thirdparty\dxsdk\Include\dxgitype.h(35,9): warning C4005: 'DXGI_ERROR_REMOTE_OUTOFMEMORY': macro redefinition
C:\Program Files (x86)\Windows Kits\10\Include\10.0.26100.0\shared\winerror.h(59481,9): note: see previous definition of 'DXGI_ERROR_REMOTE_OUTOFMEMORY'
C:\Dev\security\israeliclient2.0\19\thirdparty\dxsdk\Include\d3d11.h(917,9): warning C4005: 'D3D11_ERROR_TOO_MANY_UNIQUE_STATE_OBJECTS': macro redefinition
C:\Program Files (x86)\Windows Kits\10\Include\10.0.26100.0\shared\winerror.h(59796,9): note: see previous definition of 'D3D11_ERROR_TOO_MANY_UNIQUE_STATE_OBJECTS'
C:\Dev\security\israeliclient2.0\19\thirdparty\dxsdk\Include\d3d11.h(918,9): warning C4005: 'D3D11_ERROR_FILE_NOT_FOUND': macro redefinition
C:\Program Files (x86)\Windows Kits\10\Include\10.0.26100.0\shared\winerror.h(59805,9): note: see previous definition of 'D3D11_ERROR_FILE_NOT_FOUND'
C:\Dev\security\israeliclient2.0\19\thirdparty\dxsdk\Include\d3d11.h(919,9): warning C4005: 'D3D11_ERROR_TOO_MANY_UNIQUE_VIEW_OBJECTS': macro redefinition
C:\Program Files (x86)\Windows Kits\10\Include\10.0.26100.0\shared\winerror.h(59815,9): note: see previous definition of 'D3D11_ERROR_TOO_MANY_UNIQUE_VIEW_OBJECTS'
C:\Dev\security\israeliclient2.0\19\thirdparty\dxsdk\Include\d3d11.h(920,9): warning C4005: 'D3D11_ERROR_DEFERRED_CONTEXT_MAP_WITHOUT_INITIAL_DISCARD': macro redefinition
C:\Program Files (x86)\Windows Kits\10\Include\10.0.26100.0\shared\winerror.h(59824,9): note: see previous definition of 'D3D11_ERROR_DEFERRED_CONTEXT_MAP_WITHOUT_INITIAL_DISCARD'
C:\Dev\security\israeliclient2.0\19\thirdparty\dxsdk\Include\d3d10.h(608,9): warning C4005: 'D3D10_ERROR_TOO_MANY_UNIQUE_STATE_OBJECTS': macro redefinition
C:\Program Files (x86)\Windows Kits\10\Include\10.0.26100.0\shared\winerror.h(59772,9): note: see previous definition of 'D3D10_ERROR_TOO_MANY_UNIQUE_STATE_OBJECTS'
C:\Dev\security\israeliclient2.0\19\thirdparty\dxsdk\Include\d3d10.h(609,9): warning C4005: 'D3D10_ERROR_FILE_NOT_FOUND': macro redefinition
C:\Program Files (x86)\Windows Kits\10\Include\10.0.26100.0\shared\winerror.h(59781,9): note: see previous definition of 'D3D10_ERROR_FILE_NOT_FOUND'
C:\Dev\security\israeliclient2.0\19\framework\settings\functions.h(42,31): warning C4459: declaration of 'var' hides global declaration
C:\Dev\security\israeliclient2.0\19\framework\settings\variables.h(650,20): note: see declaration of 'var'
C:\Dev\security\israeliclient2.0\19\framework\settings\functions.h(402,90): warning C4244: 'return': conversion from 'double' to 'float', possible loss of data
C:\Dev\security\israeliclient2.0\19\framework\settings\functions.h(404,52): warning C4305: 'initializing': truncation from 'double' to 'float'
C:\Dev\security\israeliclient2.0\19\framework\settings\functions.h(404,116): warning C4244: 'return': conversion from 'double' to 'float', possible loss of data
C:\Dev\security\israeliclient2.0\19\framework\data\sounds.h(1,1): warning C4828: The file contains a character starting at offset 0x29 that is illegal in the current source character set (codepage 65001).
C:\Dev\security\israeliclient2.0\19\framework\functional\begin.cpp(3,145): warning C4100: 'flags': unreferenced parameter
C:\Dev\security\israeliclient2.0\19\framework\functional\begin.cpp(867,21): warning C4505: 'nav_restore_last_child_nav_window': unreferenced function with internal linkage has been removed
begin_child.cpp
C:\Dev\security\israeliclient2.0\19\thirdparty\dxsdk\Include\dxgitype.h(12,9): warning C4005: 'DXGI_STATUS_OCCLUDED': macro redefinition
C:\Program Files (x86)\Windows Kits\10\Include\10.0.26100.0\shared\winerror.h(59282,9): note: see previous definition of 'DXGI_STATUS_OCCLUDED'
C:\Dev\security\israeliclient2.0\19\thirdparty\dxsdk\Include\dxgitype.h(13,9): warning C4005: 'DXGI_STATUS_CLIPPED': macro redefinition
C:\Program Files (x86)\Windows Kits\10\Include\10.0.26100.0\shared\winerror.h(59291,9): note: see previous definition of 'DXGI_STATUS_CLIPPED'
C:\Dev\security\israeliclient2.0\19\thirdparty\dxsdk\Include\dxgitype.h(14,9): warning C4005: 'DXGI_STATUS_NO_REDIRECTION': macro redefinition
C:\Program Files (x86)\Windows Kits\10\Include\10.0.26100.0\shared\winerror.h(59300,9): note: see previous definition of 'DXGI_STATUS_NO_REDIRECTION'
C:\Dev\security\israeliclient2.0\19\thirdparty\dxsdk\Include\dxgitype.h(15,9): warning C4005: 'DXGI_STATUS_NO_DESKTOP_ACCESS': macro redefinition
C:\Program Files (x86)\Windows Kits\10\Include\10.0.26100.0\shared\winerror.h(59309,9): note: see previous definition of 'DXGI_STATUS_NO_DESKTOP_ACCESS'
C:\Dev\security\israeliclient2.0\19\thirdparty\dxsdk\Include\dxgitype.h(16,9): warning C4005: 'DXGI_STATUS_GRAPHICS_VIDPN_SOURCE_IN_USE': macro redefinition
C:\Program Files (x86)\Windows Kits\10\Include\10.0.26100.0\shared\winerror.h(59318,9): note: see previous definition of 'DXGI_STATUS_GRAPHICS_VIDPN_SOURCE_IN_USE'
C:\Dev\security\israeliclient2.0\19\thirdparty\dxsdk\Include\dxgitype.h(17,9): warning C4005: 'DXGI_STATUS_MODE_CHANGED': macro redefinition
C:\Program Files (x86)\Windows Kits\10\Include\10.0.26100.0\shared\winerror.h(59327,9): note: see previous definition of 'DXGI_STATUS_MODE_CHANGED'
C:\Dev\security\israeliclient2.0\19\thirdparty\dxsdk\Include\dxgitype.h(18,9): warning C4005: 'DXGI_STATUS_MODE_CHANGE_IN_PROGRESS': macro redefinition
C:\Program Files (x86)\Windows Kits\10\Include\10.0.26100.0\shared\winerror.h(59336,9): note: see previous definition of 'DXGI_STATUS_MODE_CHANGE_IN_PROGRESS'
C:\Dev\security\israeliclient2.0\19\thirdparty\dxsdk\Include\dxgitype.h(21,9): warning C4005: 'DXGI_ERROR_INVALID_CALL': macro redefinition
C:\Program Files (x86)\Windows Kits\10\Include\10.0.26100.0\shared\winerror.h(59351,9): note: see previous definition of 'DXGI_ERROR_INVALID_CALL'
C:\Dev\security\israeliclient2.0\19\thirdparty\dxsdk\Include\dxgitype.h(22,9): warning C4005: 'DXGI_ERROR_NOT_FOUND': macro redefinition
C:\Program Files (x86)\Windows Kits\10\Include\10.0.26100.0\shared\winerror.h(59360,9): note: see previous definition of 'DXGI_ERROR_NOT_FOUND'
C:\Dev\security\israeliclient2.0\19\thirdparty\dxsdk\Include\dxgitype.h(23,9): warning C4005: 'DXGI_ERROR_MORE_DATA': macro redefinition
C:\Program Files (x86)\Windows Kits\10\Include\10.0.26100.0\shared\winerror.h(59369,9): note: see previous definition of 'DXGI_ERROR_MORE_DATA'
C:\Dev\security\israeliclient2.0\19\thirdparty\dxsdk\Include\dxgitype.h(24,9): warning C4005: 'DXGI_ERROR_UNSUPPORTED': macro redefinition
C:\Program Files (x86)\Windows Kits\10\Include\10.0.26100.0\shared\winerror.h(59378,9): note: see previous definition of 'DXGI_ERROR_UNSUPPORTED'
C:\Dev\security\israeliclient2.0\19\thirdparty\dxsdk\Include\dxgitype.h(25,9): warning C4005: 'DXGI_ERROR_DEVICE_REMOVED': macro redefinition
C:\Program Files (x86)\Windows Kits\10\Include\10.0.26100.0\shared\winerror.h(59387,9): note: see previous definition of 'DXGI_ERROR_DEVICE_REMOVED'
C:\Dev\security\israeliclient2.0\19\thirdparty\dxsdk\Include\dxgitype.h(26,9): warning C4005: 'DXGI_ERROR_DEVICE_HUNG': macro redefinition
C:\Program Files (x86)\Windows Kits\10\Include\10.0.26100.0\shared\winerror.h(59396,9): note: see previous definition of 'DXGI_ERROR_DEVICE_HUNG'
C:\Dev\security\israeliclient2.0\19\thirdparty\dxsdk\Include\dxgitype.h(27,9): warning C4005: 'DXGI_ERROR_DEVICE_RESET': macro redefinition
C:\Program Files (x86)\Windows Kits\10\Include\10.0.26100.0\shared\winerror.h(59406,9): note: see previous definition of 'DXGI_ERROR_DEVICE_RESET'
C:\Dev\security\israeliclient2.0\19\thirdparty\dxsdk\Include\dxgitype.h(28,9): warning C4005: 'DXGI_ERROR_WAS_STILL_DRAWING': macro redefinition
C:\Program Files (x86)\Windows Kits\10\Include\10.0.26100.0\shared\winerror.h(59415,9): note: see previous definition of 'DXGI_ERROR_WAS_STILL_DRAWING'
C:\Dev\security\israeliclient2.0\19\thirdparty\dxsdk\Include\dxgitype.h(29,9): warning C4005: 'DXGI_ERROR_FRAME_STATISTICS_DISJOINT': macro redefinition
C:\Program Files (x86)\Windows Kits\10\Include\10.0.26100.0\shared\winerror.h(59425,9): note: see previous definition of 'DXGI_ERROR_FRAME_STATISTICS_DISJOINT'
C:\Dev\security\israeliclient2.0\19\thirdparty\dxsdk\Include\dxgitype.h(30,9): warning C4005: 'DXGI_ERROR_GRAPHICS_VIDPN_SOURCE_IN_USE': macro redefinition
C:\Program Files (x86)\Windows Kits\10\Include\10.0.26100.0\shared\winerror.h(59434,9): note: see previous definition of 'DXGI_ERROR_GRAPHICS_VIDPN_SOURCE_IN_USE'
C:\Dev\security\israeliclient2.0\19\thirdparty\dxsdk\Include\dxgitype.h(31,9): warning C4005: 'DXGI_ERROR_DRIVER_INTERNAL_ERROR': macro redefinition
C:\Program Files (x86)\Windows Kits\10\Include\10.0.26100.0\shared\winerror.h(59444,9): note: see previous definition of 'DXGI_ERROR_DRIVER_INTERNAL_ERROR'
C:\Dev\security\israeliclient2.0\19\thirdparty\dxsdk\Include\dxgitype.h(32,9): warning C4005: 'DXGI_ERROR_NONEXCLUSIVE': macro redefinition
C:\Program Files (x86)\Windows Kits\10\Include\10.0.26100.0\shared\winerror.h(59453,9): note: see previous definition of 'DXGI_ERROR_NONEXCLUSIVE'
C:\Dev\security\israeliclient2.0\19\thirdparty\dxsdk\Include\dxgitype.h(33,9): warning C4005: 'DXGI_ERROR_NOT_CURRENTLY_AVAILABLE': macro redefinition
C:\Program Files (x86)\Windows Kits\10\Include\10.0.26100.0\shared\winerror.h(59462,9): note: see previous definition of 'DXGI_ERROR_NOT_CURRENTLY_AVAILABLE'
C:\Dev\security\israeliclient2.0\19\thirdparty\dxsdk\Include\dxgitype.h(34,9): warning C4005: 'DXGI_ERROR_REMOTE_CLIENT_DISCONNECTED': macro redefinition
C:\Program Files (x86)\Windows Kits\10\Include\10.0.26100.0\shared\winerror.h(59472,9): note: see previous definition of 'DXGI_ERROR_REMOTE_CLIENT_DISCONNECTED'
C:\Dev\security\israeliclient2.0\19\thirdparty\dxsdk\Include\dxgitype.h(35,9): warning C4005: 'DXGI_ERROR_REMOTE_OUTOFMEMORY': macro redefinition
C:\Program Files (x86)\Windows Kits\10\Include\10.0.26100.0\shared\winerror.h(59481,9): note: see previous definition of 'DXGI_ERROR_REMOTE_OUTOFMEMORY'
C:\Dev\security\israeliclient2.0\19\thirdparty\dxsdk\Include\d3d11.h(917,9): warning C4005: 'D3D11_ERROR_TOO_MANY_UNIQUE_STATE_OBJECTS': macro redefinition
C:\Program Files (x86)\Windows Kits\10\Include\10.0.26100.0\shared\winerror.h(59796,9): note: see previous definition of 'D3D11_ERROR_TOO_MANY_UNIQUE_STATE_OBJECTS'
C:\Dev\security\israeliclient2.0\19\thirdparty\dxsdk\Include\d3d11.h(918,9): warning C4005: 'D3D11_ERROR_FILE_NOT_FOUND': macro redefinition
C:\Program Files (x86)\Windows Kits\10\Include\10.0.26100.0\shared\winerror.h(59805,9): note: see previous definition of 'D3D11_ERROR_FILE_NOT_FOUND'
C:\Dev\security\israeliclient2.0\19\thirdparty\dxsdk\Include\d3d11.h(919,9): warning C4005: 'D3D11_ERROR_TOO_MANY_UNIQUE_VIEW_OBJECTS': macro redefinition
C:\Program Files (x86)\Windows Kits\10\Include\10.0.26100.0\shared\winerror.h(59815,9): note: see previous definition of 'D3D11_ERROR_TOO_MANY_UNIQUE_VIEW_OBJECTS'
C:\Dev\security\israeliclient2.0\19\thirdparty\dxsdk\Include\d3d11.h(920,9): warning C4005: 'D3D11_ERROR_DEFERRED_CONTEXT_MAP_WITHOUT_INITIAL_DISCARD': macro redefinition
C:\Program Files (x86)\Windows Kits\10\Include\10.0.26100.0\shared\winerror.h(59824,9): note: see previous definition of 'D3D11_ERROR_DEFERRED_CONTEXT_MAP_WITHOUT_INITIAL_DISCARD'
C:\Dev\security\israeliclient2.0\19\thirdparty\dxsdk\Include\d3d10.h(608,9): warning C4005: 'D3D10_ERROR_TOO_MANY_UNIQUE_STATE_OBJECTS': macro redefinition
C:\Program Files (x86)\Windows Kits\10\Include\10.0.26100.0\shared\winerror.h(59772,9): note: see previous definition of 'D3D10_ERROR_TOO_MANY_UNIQUE_STATE_OBJECTS'
C:\Dev\security\israeliclient2.0\19\thirdparty\dxsdk\Include\d3d10.h(609,9): warning C4005: 'D3D10_ERROR_FILE_NOT_FOUND': macro redefinition
C:\Program Files (x86)\Windows Kits\10\Include\10.0.26100.0\shared\winerror.h(59781,9): note: see previous definition of 'D3D10_ERROR_FILE_NOT_FOUND'
C:\Dev\security\israeliclient2.0\19\framework\settings\functions.h(42,31): warning C4459: declaration of 'var' hides global declaration
C:\Dev\security\israeliclient2.0\19\framework\settings\variables.h(650,20): note: see declaration of 'var'
C:\Dev\security\israeliclient2.0\19\framework\settings\functions.h(402,90): warning C4244: 'return': conversion from 'double' to 'float', possible loss of data
C:\Dev\security\israeliclient2.0\19\framework\settings\functions.h(404,52): warning C4305: 'initializing': truncation from 'double' to 'float'
C:\Dev\security\israeliclient2.0\19\framework\settings\functions.h(404,116): warning C4244: 'return': conversion from 'double' to 'float', possible loss of data
C:\Dev\security\israeliclient2.0\19\framework\data\sounds.h(1,1): warning C4828: The file contains a character starting at offset 0x29 that is illegal in the current source character set (codepage 65001).
button.cpp
C:\Dev\security\israeliclient2.0\19\thirdparty\dxsdk\Include\dxgitype.h(12,9): warning C4005: 'DXGI_STATUS_OCCLUDED': macro redefinition
C:\Program Files (x86)\Windows Kits\10\Include\10.0.26100.0\shared\winerror.h(59282,9): note: see previous definition of 'DXGI_STATUS_OCCLUDED'
C:\Dev\security\israeliclient2.0\19\thirdparty\dxsdk\Include\dxgitype.h(13,9): warning C4005: 'DXGI_STATUS_CLIPPED': macro redefinition
C:\Program Files (x86)\Windows Kits\10\Include\10.0.26100.0\shared\winerror.h(59291,9): note: see previous definition of 'DXGI_STATUS_CLIPPED'
C:\Dev\security\israeliclient2.0\19\thirdparty\dxsdk\Include\dxgitype.h(14,9): warning C4005: 'DXGI_STATUS_NO_REDIRECTION': macro redefinition
C:\Program Files (x86)\Windows Kits\10\Include\10.0.26100.0\shared\winerror.h(59300,9): note: see previous definition of 'DXGI_STATUS_NO_REDIRECTION'
C:\Dev\security\israeliclient2.0\19\thirdparty\dxsdk\Include\dxgitype.h(15,9): warning C4005: 'DXGI_STATUS_NO_DESKTOP_ACCESS': macro redefinition
C:\Program Files (x86)\Windows Kits\10\Include\10.0.26100.0\shared\winerror.h(59309,9): note: see previous definition of 'DXGI_STATUS_NO_DESKTOP_ACCESS'
C:\Dev\security\israeliclient2.0\19\thirdparty\dxsdk\Include\dxgitype.h(16,9): warning C4005: 'DXGI_STATUS_GRAPHICS_VIDPN_SOURCE_IN_USE': macro redefinition
C:\Program Files (x86)\Windows Kits\10\Include\10.0.26100.0\shared\winerror.h(59318,9): note: see previous definition of 'DXGI_STATUS_GRAPHICS_VIDPN_SOURCE_IN_USE'
C:\Dev\security\israeliclient2.0\19\thirdparty\dxsdk\Include\dxgitype.h(17,9): warning C4005: 'DXGI_STATUS_MODE_CHANGED': macro redefinition
C:\Program Files (x86)\Windows Kits\10\Include\10.0.26100.0\shared\winerror.h(59327,9): note: see previous definition of 'DXGI_STATUS_MODE_CHANGED'
C:\Dev\security\israeliclient2.0\19\thirdparty\dxsdk\Include\dxgitype.h(18,9): warning C4005: 'DXGI_STATUS_MODE_CHANGE_IN_PROGRESS': macro redefinition
C:\Program Files (x86)\Windows Kits\10\Include\10.0.26100.0\shared\winerror.h(59336,9): note: see previous definition of 'DXGI_STATUS_MODE_CHANGE_IN_PROGRESS'
C:\Dev\security\israeliclient2.0\19\thirdparty\dxsdk\Include\dxgitype.h(21,9): warning C4005: 'DXGI_ERROR_INVALID_CALL': macro redefinition
C:\Program Files (x86)\Windows Kits\10\Include\10.0.26100.0\shared\winerror.h(59351,9): note: see previous definition of 'DXGI_ERROR_INVALID_CALL'
C:\Dev\security\israeliclient2.0\19\thirdparty\dxsdk\Include\dxgitype.h(22,9): warning C4005: 'DXGI_ERROR_NOT_FOUND': macro redefinition
C:\Program Files (x86)\Windows Kits\10\Include\10.0.26100.0\shared\winerror.h(59360,9): note: see previous definition of 'DXGI_ERROR_NOT_FOUND'
C:\Dev\security\israeliclient2.0\19\thirdparty\dxsdk\Include\dxgitype.h(23,9): warning C4005: 'DXGI_ERROR_MORE_DATA': macro redefinition
C:\Program Files (x86)\Windows Kits\10\Include\10.0.26100.0\shared\winerror.h(59369,9): note: see previous definition of 'DXGI_ERROR_MORE_DATA'
C:\Dev\security\israeliclient2.0\19\thirdparty\dxsdk\Include\dxgitype.h(24,9): warning C4005: 'DXGI_ERROR_UNSUPPORTED': macro redefinition
C:\Program Files (x86)\Windows Kits\10\Include\10.0.26100.0\shared\winerror.h(59378,9): note: see previous definition of 'DXGI_ERROR_UNSUPPORTED'
C:\Dev\security\israeliclient2.0\19\thirdparty\dxsdk\Include\dxgitype.h(25,9): warning C4005: 'DXGI_ERROR_DEVICE_REMOVED': macro redefinition
C:\Program Files (x86)\Windows Kits\10\Include\10.0.26100.0\shared\winerror.h(59387,9): note: see previous definition of 'DXGI_ERROR_DEVICE_REMOVED'
C:\Dev\security\israeliclient2.0\19\thirdparty\dxsdk\Include\dxgitype.h(26,9): warning C4005: 'DXGI_ERROR_DEVICE_HUNG': macro redefinition
C:\Program Files (x86)\Windows Kits\10\Include\10.0.26100.0\shared\winerror.h(59396,9): note: see previous definition of 'DXGI_ERROR_DEVICE_HUNG'
C:\Dev\security\israeliclient2.0\19\thirdparty\dxsdk\Include\dxgitype.h(27,9): warning C4005: 'DXGI_ERROR_DEVICE_RESET': macro redefinition
C:\Program Files (x86)\Windows Kits\10\Include\10.0.26100.0\shared\winerror.h(59406,9): note: see previous definition of 'DXGI_ERROR_DEVICE_RESET'
C:\Dev\security\israeliclient2.0\19\thirdparty\dxsdk\Include\dxgitype.h(28,9): warning C4005: 'DXGI_ERROR_WAS_STILL_DRAWING': macro redefinition
C:\Program Files (x86)\Windows Kits\10\Include\10.0.26100.0\shared\winerror.h(59415,9): note: see previous definition of 'DXGI_ERROR_WAS_STILL_DRAWING'
C:\Dev\security\israeliclient2.0\19\thirdparty\dxsdk\Include\dxgitype.h(29,9): warning C4005: 'DXGI_ERROR_FRAME_STATISTICS_DISJOINT': macro redefinition
C:\Program Files (x86)\Windows Kits\10\Include\10.0.26100.0\shared\winerror.h(59425,9): note: see previous definition of 'DXGI_ERROR_FRAME_STATISTICS_DISJOINT'
C:\Dev\security\israeliclient2.0\19\thirdparty\dxsdk\Include\dxgitype.h(30,9): warning C4005: 'DXGI_ERROR_GRAPHICS_VIDPN_SOURCE_IN_USE': macro redefinition
C:\Program Files (x86)\Windows Kits\10\Include\10.0.26100.0\shared\winerror.h(59434,9): note: see previous definition of 'DXGI_ERROR_GRAPHICS_VIDPN_SOURCE_IN_USE'
C:\Dev\security\israeliclient2.0\19\thirdparty\dxsdk\Include\dxgitype.h(31,9): warning C4005: 'DXGI_ERROR_DRIVER_INTERNAL_ERROR': macro redefinition
C:\Program Files (x86)\Windows Kits\10\Include\10.0.26100.0\shared\winerror.h(59444,9): note: see previous definition of 'DXGI_ERROR_DRIVER_INTERNAL_ERROR'
C:\Dev\security\israeliclient2.0\19\thirdparty\dxsdk\Include\dxgitype.h(32,9): warning C4005: 'DXGI_ERROR_NONEXCLUSIVE': macro redefinition
C:\Program Files (x86)\Windows Kits\10\Include\10.0.26100.0\shared\winerror.h(59453,9): note: see previous definition of 'DXGI_ERROR_NONEXCLUSIVE'
C:\Dev\security\israeliclient2.0\19\thirdparty\dxsdk\Include\dxgitype.h(33,9): warning C4005: 'DXGI_ERROR_NOT_CURRENTLY_AVAILABLE': macro redefinition
C:\Program Files (x86)\Windows Kits\10\Include\10.0.26100.0\shared\winerror.h(59462,9): note: see previous definition of 'DXGI_ERROR_NOT_CURRENTLY_AVAILABLE'
C:\Dev\security\israeliclient2.0\19\thirdparty\dxsdk\Include\dxgitype.h(34,9): warning C4005: 'DXGI_ERROR_REMOTE_CLIENT_DISCONNECTED': macro redefinition
C:\Program Files (x86)\Windows Kits\10\Include\10.0.26100.0\shared\winerror.h(59472,9): note: see previous definition of 'DXGI_ERROR_REMOTE_CLIENT_DISCONNECTED'
C:\Dev\security\israeliclient2.0\19\thirdparty\dxsdk\Include\dxgitype.h(35,9): warning C4005: 'DXGI_ERROR_REMOTE_OUTOFMEMORY': macro redefinition
C:\Program Files (x86)\Windows Kits\10\Include\10.0.26100.0\shared\winerror.h(59481,9): note: see previous definition of 'DXGI_ERROR_REMOTE_OUTOFMEMORY'
C:\Dev\security\israeliclient2.0\19\thirdparty\dxsdk\Include\d3d11.h(917,9): warning C4005: 'D3D11_ERROR_TOO_MANY_UNIQUE_STATE_OBJECTS': macro redefinition
C:\Program Files (x86)\Windows Kits\10\Include\10.0.26100.0\shared\winerror.h(59796,9): note: see previous definition of 'D3D11_ERROR_TOO_MANY_UNIQUE_STATE_OBJECTS'
C:\Dev\security\israeliclient2.0\19\thirdparty\dxsdk\Include\d3d11.h(918,9): warning C4005: 'D3D11_ERROR_FILE_NOT_FOUND': macro redefinition
C:\Program Files (x86)\Windows Kits\10\Include\10.0.26100.0\shared\winerror.h(59805,9): note: see previous definition of 'D3D11_ERROR_FILE_NOT_FOUND'
C:\Dev\security\israeliclient2.0\19\thirdparty\dxsdk\Include\d3d11.h(919,9): warning C4005: 'D3D11_ERROR_TOO_MANY_UNIQUE_VIEW_OBJECTS': macro redefinition
C:\Program Files (x86)\Windows Kits\10\Include\10.0.26100.0\shared\winerror.h(59815,9): note: see previous definition of 'D3D11_ERROR_TOO_MANY_UNIQUE_VIEW_OBJECTS'
C:\Dev\security\israeliclient2.0\19\thirdparty\dxsdk\Include\d3d11.h(920,9): warning C4005: 'D3D11_ERROR_DEFERRED_CONTEXT_MAP_WITHOUT_INITIAL_DISCARD': macro redefinition
C:\Program Files (x86)\Windows Kits\10\Include\10.0.26100.0\shared\winerror.h(59824,9): note: see previous definition of 'D3D11_ERROR_DEFERRED_CONTEXT_MAP_WITHOUT_INITIAL_DISCARD'
C:\Dev\security\israeliclient2.0\19\thirdparty\dxsdk\Include\d3d10.h(608,9): warning C4005: 'D3D10_ERROR_TOO_MANY_UNIQUE_STATE_OBJECTS': macro redefinition
C:\Program Files (x86)\Windows Kits\10\Include\10.0.26100.0\shared\winerror.h(59772,9): note: see previous definition of 'D3D10_ERROR_TOO_MANY_UNIQUE_STATE_OBJECTS'
C:\Dev\security\israeliclient2.0\19\thirdparty\dxsdk\Include\d3d10.h(609,9): warning C4005: 'D3D10_ERROR_FILE_NOT_FOUND': macro redefinition
C:\Program Files (x86)\Windows Kits\10\Include\10.0.26100.0\shared\winerror.h(59781,9): note: see previous definition of 'D3D10_ERROR_FILE_NOT_FOUND'
C:\Dev\security\israeliclient2.0\19\framework\settings\functions.h(42,31): warning C4459: declaration of 'var' hides global declaration
C:\Dev\security\israeliclient2.0\19\framework\settings\variables.h(650,20): note: see declaration of 'var'
C:\Dev\security\israeliclient2.0\19\framework\settings\functions.h(402,90): warning C4244: 'return': conversion from 'double' to 'float', possible loss of data
C:\Dev\security\israeliclient2.0\19\framework\settings\functions.h(404,52): warning C4305: 'initializing': truncation from 'double' to 'float'
C:\Dev\security\israeliclient2.0\19\framework\settings\functions.h(404,116): warning C4244: 'return': conversion from 'double' to 'float', possible loss of data
C:\Dev\security\israeliclient2.0\19\framework\data\sounds.h(1,1): warning C4828: The file contains a character starting at offset 0x29 that is illegal in the current source character set (codepage 65001).
C:\Dev\security\israeliclient2.0\19\framework\functional\button.cpp(17,17): warning C4189: 'width': local variable is initialized but not referenced
C:\Dev\security\israeliclient2.0\19\framework\functional\button.cpp(16,17): warning C4189: 'label_size': local variable is initialized but not referenced
C:\Dev\security\israeliclient2.0\19\framework\functional\button.cpp(13,23): warning C4189: 'style': local variable is initialized but not referenced
C:\Dev\security\israeliclient2.0\19\framework\functional\button.cpp(47,23): warning C4189: 'style': local variable is initialized but not referenced
checkbox.cpp
C:\Dev\security\israeliclient2.0\19\thirdparty\dxsdk\Include\dxgitype.h(12,9): warning C4005: 'DXGI_STATUS_OCCLUDED': macro redefinition
C:\Program Files (x86)\Windows Kits\10\Include\10.0.26100.0\shared\winerror.h(59282,9): note: see previous definition of 'DXGI_STATUS_OCCLUDED'
C:\Dev\security\israeliclient2.0\19\thirdparty\dxsdk\Include\dxgitype.h(13,9): warning C4005: 'DXGI_STATUS_CLIPPED': macro redefinition
C:\Program Files (x86)\Windows Kits\10\Include\10.0.26100.0\shared\winerror.h(59291,9): note: see previous definition of 'DXGI_STATUS_CLIPPED'
C:\Dev\security\israeliclient2.0\19\thirdparty\dxsdk\Include\dxgitype.h(14,9): warning C4005: 'DXGI_STATUS_NO_REDIRECTION': macro redefinition
C:\Program Files (x86)\Windows Kits\10\Include\10.0.26100.0\shared\winerror.h(59300,9): note: see previous definition of 'DXGI_STATUS_NO_REDIRECTION'
C:\Dev\security\israeliclient2.0\19\thirdparty\dxsdk\Include\dxgitype.h(15,9): warning C4005: 'DXGI_STATUS_NO_DESKTOP_ACCESS': macro redefinition
C:\Program Files (x86)\Windows Kits\10\Include\10.0.26100.0\shared\winerror.h(59309,9): note: see previous definition of 'DXGI_STATUS_NO_DESKTOP_ACCESS'
C:\Dev\security\israeliclient2.0\19\thirdparty\dxsdk\Include\dxgitype.h(16,9): warning C4005: 'DXGI_STATUS_GRAPHICS_VIDPN_SOURCE_IN_USE': macro redefinition
C:\Program Files (x86)\Windows Kits\10\Include\10.0.26100.0\shared\winerror.h(59318,9): note: see previous definition of 'DXGI_STATUS_GRAPHICS_VIDPN_SOURCE_IN_USE'
C:\Dev\security\israeliclient2.0\19\thirdparty\dxsdk\Include\dxgitype.h(17,9): warning C4005: 'DXGI_STATUS_MODE_CHANGED': macro redefinition
C:\Program Files (x86)\Windows Kits\10\Include\10.0.26100.0\shared\winerror.h(59327,9): note: see previous definition of 'DXGI_STATUS_MODE_CHANGED'
C:\Dev\security\israeliclient2.0\19\thirdparty\dxsdk\Include\dxgitype.h(18,9): warning C4005: 'DXGI_STATUS_MODE_CHANGE_IN_PROGRESS': macro redefinition
C:\Program Files (x86)\Windows Kits\10\Include\10.0.26100.0\shared\winerror.h(59336,9): note: see previous definition of 'DXGI_STATUS_MODE_CHANGE_IN_PROGRESS'
C:\Dev\security\israeliclient2.0\19\thirdparty\dxsdk\Include\dxgitype.h(21,9): warning C4005: 'DXGI_ERROR_INVALID_CALL': macro redefinition
C:\Program Files (x86)\Windows Kits\10\Include\10.0.26100.0\shared\winerror.h(59351,9): note: see previous definition of 'DXGI_ERROR_INVALID_CALL'
C:\Dev\security\israeliclient2.0\19\thirdparty\dxsdk\Include\dxgitype.h(22,9): warning C4005: 'DXGI_ERROR_NOT_FOUND': macro redefinition
C:\Program Files (x86)\Windows Kits\10\Include\10.0.26100.0\shared\winerror.h(59360,9): note: see previous definition of 'DXGI_ERROR_NOT_FOUND'
C:\Dev\security\israeliclient2.0\19\thirdparty\dxsdk\Include\dxgitype.h(23,9): warning C4005: 'DXGI_ERROR_MORE_DATA': macro redefinition
C:\Program Files (x86)\Windows Kits\10\Include\10.0.26100.0\shared\winerror.h(59369,9): note: see previous definition of 'DXGI_ERROR_MORE_DATA'
C:\Dev\security\israeliclient2.0\19\thirdparty\dxsdk\Include\dxgitype.h(24,9): warning C4005: 'DXGI_ERROR_UNSUPPORTED': macro redefinition
C:\Program Files (x86)\Windows Kits\10\Include\10.0.26100.0\shared\winerror.h(59378,9): note: see previous definition of 'DXGI_ERROR_UNSUPPORTED'
C:\Dev\security\israeliclient2.0\19\thirdparty\dxsdk\Include\dxgitype.h(25,9): warning C4005: 'DXGI_ERROR_DEVICE_REMOVED': macro redefinition
C:\Program Files (x86)\Windows Kits\10\Include\10.0.26100.0\shared\winerror.h(59387,9): note: see previous definition of 'DXGI_ERROR_DEVICE_REMOVED'
C:\Dev\security\israeliclient2.0\19\thirdparty\dxsdk\Include\dxgitype.h(26,9): warning C4005: 'DXGI_ERROR_DEVICE_HUNG': macro redefinition
C:\Program Files (x86)\Windows Kits\10\Include\10.0.26100.0\shared\winerror.h(59396,9): note: see previous definition of 'DXGI_ERROR_DEVICE_HUNG'
C:\Dev\security\israeliclient2.0\19\thirdparty\dxsdk\Include\dxgitype.h(27,9): warning C4005: 'DXGI_ERROR_DEVICE_RESET': macro redefinition
C:\Program Files (x86)\Windows Kits\10\Include\10.0.26100.0\shared\winerror.h(59406,9): note: see previous definition of 'DXGI_ERROR_DEVICE_RESET'
C:\Dev\security\israeliclient2.0\19\thirdparty\dxsdk\Include\dxgitype.h(28,9): warning C4005: 'DXGI_ERROR_WAS_STILL_DRAWING': macro redefinition
C:\Program Files (x86)\Windows Kits\10\Include\10.0.26100.0\shared\winerror.h(59415,9): note: see previous definition of 'DXGI_ERROR_WAS_STILL_DRAWING'
C:\Dev\security\israeliclient2.0\19\thirdparty\dxsdk\Include\dxgitype.h(29,9): warning C4005: 'DXGI_ERROR_FRAME_STATISTICS_DISJOINT': macro redefinition
C:\Program Files (x86)\Windows Kits\10\Include\10.0.26100.0\shared\winerror.h(59425,9): note: see previous definition of 'DXGI_ERROR_FRAME_STATISTICS_DISJOINT'
C:\Dev\security\israeliclient2.0\19\thirdparty\dxsdk\Include\dxgitype.h(30,9): warning C4005: 'DXGI_ERROR_GRAPHICS_VIDPN_SOURCE_IN_USE': macro redefinition
C:\Program Files (x86)\Windows Kits\10\Include\10.0.26100.0\shared\winerror.h(59434,9): note: see previous definition of 'DXGI_ERROR_GRAPHICS_VIDPN_SOURCE_IN_USE'
C:\Dev\security\israeliclient2.0\19\thirdparty\dxsdk\Include\dxgitype.h(31,9): warning C4005: 'DXGI_ERROR_DRIVER_INTERNAL_ERROR': macro redefinition
C:\Program Files (x86)\Windows Kits\10\Include\10.0.26100.0\shared\winerror.h(59444,9): note: see previous definition of 'DXGI_ERROR_DRIVER_INTERNAL_ERROR'
C:\Dev\security\israeliclient2.0\19\thirdparty\dxsdk\Include\dxgitype.h(32,9): warning C4005: 'DXGI_ERROR_NONEXCLUSIVE': macro redefinition
C:\Program Files (x86)\Windows Kits\10\Include\10.0.26100.0\shared\winerror.h(59453,9): note: see previous definition of 'DXGI_ERROR_NONEXCLUSIVE'
C:\Dev\security\israeliclient2.0\19\thirdparty\dxsdk\Include\dxgitype.h(33,9): warning C4005: 'DXGI_ERROR_NOT_CURRENTLY_AVAILABLE': macro redefinition
C:\Program Files (x86)\Windows Kits\10\Include\10.0.26100.0\shared\winerror.h(59462,9): note: see previous definition of 'DXGI_ERROR_NOT_CURRENTLY_AVAILABLE'
C:\Dev\security\israeliclient2.0\19\thirdparty\dxsdk\Include\dxgitype.h(34,9): warning C4005: 'DXGI_ERROR_REMOTE_CLIENT_DISCONNECTED': macro redefinition
C:\Program Files (x86)\Windows Kits\10\Include\10.0.26100.0\shared\winerror.h(59472,9): note: see previous definition of 'DXGI_ERROR_REMOTE_CLIENT_DISCONNECTED'
C:\Dev\security\israeliclient2.0\19\thirdparty\dxsdk\Include\dxgitype.h(35,9): warning C4005: 'DXGI_ERROR_REMOTE_OUTOFMEMORY': macro redefinition
C:\Program Files (x86)\Windows Kits\10\Include\10.0.26100.0\shared\winerror.h(59481,9): note: see previous definition of 'DXGI_ERROR_REMOTE_OUTOFMEMORY'
C:\Dev\security\israeliclient2.0\19\thirdparty\dxsdk\Include\d3d11.h(917,9): warning C4005: 'D3D11_ERROR_TOO_MANY_UNIQUE_STATE_OBJECTS': macro redefinition
C:\Program Files (x86)\Windows Kits\10\Include\10.0.26100.0\shared\winerror.h(59796,9): note: see previous definition of 'D3D11_ERROR_TOO_MANY_UNIQUE_STATE_OBJECTS'
C:\Dev\security\israeliclient2.0\19\thirdparty\dxsdk\Include\d3d11.h(918,9): warning C4005: 'D3D11_ERROR_FILE_NOT_FOUND': macro redefinition
C:\Program Files (x86)\Windows Kits\10\Include\10.0.26100.0\shared\winerror.h(59805,9): note: see previous definition of 'D3D11_ERROR_FILE_NOT_FOUND'
C:\Dev\security\israeliclient2.0\19\thirdparty\dxsdk\Include\d3d11.h(919,9): warning C4005: 'D3D11_ERROR_TOO_MANY_UNIQUE_VIEW_OBJECTS': macro redefinition
C:\Program Files (x86)\Windows Kits\10\Include\10.0.26100.0\shared\winerror.h(59815,9): note: see previous definition of 'D3D11_ERROR_TOO_MANY_UNIQUE_VIEW_OBJECTS'
C:\Dev\security\israeliclient2.0\19\thirdparty\dxsdk\Include\d3d11.h(920,9): warning C4005: 'D3D11_ERROR_DEFERRED_CONTEXT_MAP_WITHOUT_INITIAL_DISCARD': macro redefinition
C:\Program Files (x86)\Windows Kits\10\Include\10.0.26100.0\shared\winerror.h(59824,9): note: see previous definition of 'D3D11_ERROR_DEFERRED_CONTEXT_MAP_WITHOUT_INITIAL_DISCARD'
C:\Dev\security\israeliclient2.0\19\thirdparty\dxsdk\Include\d3d10.h(608,9): warning C4005: 'D3D10_ERROR_TOO_MANY_UNIQUE_STATE_OBJECTS': macro redefinition
C:\Program Files (x86)\Windows Kits\10\Include\10.0.26100.0\shared\winerror.h(59772,9): note: see previous definition of 'D3D10_ERROR_TOO_MANY_UNIQUE_STATE_OBJECTS'
C:\Dev\security\israeliclient2.0\19\thirdparty\dxsdk\Include\d3d10.h(609,9): warning C4005: 'D3D10_ERROR_FILE_NOT_FOUND': macro redefinition
C:\Program Files (x86)\Windows Kits\10\Include\10.0.26100.0\shared\winerror.h(59781,9): note: see previous definition of 'D3D10_ERROR_FILE_NOT_FOUND'
C:\Dev\security\israeliclient2.0\19\framework\settings\functions.h(42,31): warning C4459: declaration of 'var' hides global declaration
C:\Dev\security\israeliclient2.0\19\framework\settings\variables.h(650,20): note: see declaration of 'var'
C:\Dev\security\israeliclient2.0\19\framework\settings\functions.h(402,90): warning C4244: 'return': conversion from 'double' to 'float', possible loss of data
C:\Dev\security\israeliclient2.0\19\framework\settings\functions.h(404,52): warning C4305: 'initializing': truncation from 'double' to 'float'
C:\Dev\security\israeliclient2.0\19\framework\settings\functions.h(404,116): warning C4244: 'return': conversion from 'double' to 'float', possible loss of data
C:\Dev\security\israeliclient2.0\19\framework\data\sounds.h(1,1): warning C4828: The file contains a character starting at offset 0x29 that is illegal in the current source character set (codepage 65001).
C:\Dev\security\israeliclient2.0\19\framework\functional\checkbox.cpp(50,154): warning C4244: 'argument': conversion from 'float' to 'int', possible loss of data
C:\Dev\security\israeliclient2.0\19\framework\functional\checkbox.cpp(18,23): warning C4189: 'style': local variable is initialized but not referenced
C:\Dev\security\israeliclient2.0\19\framework\functional\checkbox.cpp(125,154): warning C4244: 'argument': conversion from 'float' to 'int', possible loss of data
C:\Dev\security\israeliclient2.0\19\framework\functional\checkbox.cpp(72,23): warning C4189: 'style': local variable is initialized but not referenced
C:\Dev\security\israeliclient2.0\19\framework\functional\checkbox.cpp(186,154): warning C4244: 'argument': conversion from 'float' to 'int', possible loss of data
C:\Dev\security\israeliclient2.0\19\framework\functional\checkbox.cpp(148,23): warning C4189: 'style': local variable is initialized but not referenced
color_picker.cpp
C:\Dev\security\israeliclient2.0\19\thirdparty\dxsdk\Include\dxgitype.h(12,9): warning C4005: 'DXGI_STATUS_OCCLUDED': macro redefinition
C:\Program Files (x86)\Windows Kits\10\Include\10.0.26100.0\shared\winerror.h(59282,9): note: see previous definition of 'DXGI_STATUS_OCCLUDED'
C:\Dev\security\israeliclient2.0\19\thirdparty\dxsdk\Include\dxgitype.h(13,9): warning C4005: 'DXGI_STATUS_CLIPPED': macro redefinition
C:\Program Files (x86)\Windows Kits\10\Include\10.0.26100.0\shared\winerror.h(59291,9): note: see previous definition of 'DXGI_STATUS_CLIPPED'
C:\Dev\security\israeliclient2.0\19\thirdparty\dxsdk\Include\dxgitype.h(14,9): warning C4005: 'DXGI_STATUS_NO_REDIRECTION': macro redefinition
C:\Program Files (x86)\Windows Kits\10\Include\10.0.26100.0\shared\winerror.h(59300,9): note: see previous definition of 'DXGI_STATUS_NO_REDIRECTION'
C:\Dev\security\israeliclient2.0\19\thirdparty\dxsdk\Include\dxgitype.h(15,9): warning C4005: 'DXGI_STATUS_NO_DESKTOP_ACCESS': macro redefinition
C:\Program Files (x86)\Windows Kits\10\Include\10.0.26100.0\shared\winerror.h(59309,9): note: see previous definition of 'DXGI_STATUS_NO_DESKTOP_ACCESS'
C:\Dev\security\israeliclient2.0\19\thirdparty\dxsdk\Include\dxgitype.h(16,9): warning C4005: 'DXGI_STATUS_GRAPHICS_VIDPN_SOURCE_IN_USE': macro redefinition
C:\Program Files (x86)\Windows Kits\10\Include\10.0.26100.0\shared\winerror.h(59318,9): note: see previous definition of 'DXGI_STATUS_GRAPHICS_VIDPN_SOURCE_IN_USE'
C:\Dev\security\israeliclient2.0\19\thirdparty\dxsdk\Include\dxgitype.h(17,9): warning C4005: 'DXGI_STATUS_MODE_CHANGED': macro redefinition
C:\Program Files (x86)\Windows Kits\10\Include\10.0.26100.0\shared\winerror.h(59327,9): note: see previous definition of 'DXGI_STATUS_MODE_CHANGED'
C:\Dev\security\israeliclient2.0\19\thirdparty\dxsdk\Include\dxgitype.h(18,9): warning C4005: 'DXGI_STATUS_MODE_CHANGE_IN_PROGRESS': macro redefinition
C:\Program Files (x86)\Windows Kits\10\Include\10.0.26100.0\shared\winerror.h(59336,9): note: see previous definition of 'DXGI_STATUS_MODE_CHANGE_IN_PROGRESS'
C:\Dev\security\israeliclient2.0\19\thirdparty\dxsdk\Include\dxgitype.h(21,9): warning C4005: 'DXGI_ERROR_INVALID_CALL': macro redefinition
C:\Program Files (x86)\Windows Kits\10\Include\10.0.26100.0\shared\winerror.h(59351,9): note: see previous definition of 'DXGI_ERROR_INVALID_CALL'
C:\Dev\security\israeliclient2.0\19\thirdparty\dxsdk\Include\dxgitype.h(22,9): warning C4005: 'DXGI_ERROR_NOT_FOUND': macro redefinition
C:\Program Files (x86)\Windows Kits\10\Include\10.0.26100.0\shared\winerror.h(59360,9): note: see previous definition of 'DXGI_ERROR_NOT_FOUND'
C:\Dev\security\israeliclient2.0\19\thirdparty\dxsdk\Include\dxgitype.h(23,9): warning C4005: 'DXGI_ERROR_MORE_DATA': macro redefinition
C:\Program Files (x86)\Windows Kits\10\Include\10.0.26100.0\shared\winerror.h(59369,9): note: see previous definition of 'DXGI_ERROR_MORE_DATA'
C:\Dev\security\israeliclient2.0\19\thirdparty\dxsdk\Include\dxgitype.h(24,9): warning C4005: 'DXGI_ERROR_UNSUPPORTED': macro redefinition
C:\Program Files (x86)\Windows Kits\10\Include\10.0.26100.0\shared\winerror.h(59378,9): note: see previous definition of 'DXGI_ERROR_UNSUPPORTED'
C:\Dev\security\israeliclient2.0\19\thirdparty\dxsdk\Include\dxgitype.h(25,9): warning C4005: 'DXGI_ERROR_DEVICE_REMOVED': macro redefinition
C:\Program Files (x86)\Windows Kits\10\Include\10.0.26100.0\shared\winerror.h(59387,9): note: see previous definition of 'DXGI_ERROR_DEVICE_REMOVED'
C:\Dev\security\israeliclient2.0\19\thirdparty\dxsdk\Include\dxgitype.h(26,9): warning C4005: 'DXGI_ERROR_DEVICE_HUNG': macro redefinition
C:\Program Files (x86)\Windows Kits\10\Include\10.0.26100.0\shared\winerror.h(59396,9): note: see previous definition of 'DXGI_ERROR_DEVICE_HUNG'
C:\Dev\security\israeliclient2.0\19\thirdparty\dxsdk\Include\dxgitype.h(27,9): warning C4005: 'DXGI_ERROR_DEVICE_RESET': macro redefinition
C:\Program Files (x86)\Windows Kits\10\Include\10.0.26100.0\shared\winerror.h(59406,9): note: see previous definition of 'DXGI_ERROR_DEVICE_RESET'
C:\Dev\security\israeliclient2.0\19\thirdparty\dxsdk\Include\dxgitype.h(28,9): warning C4005: 'DXGI_ERROR_WAS_STILL_DRAWING': macro redefinition
C:\Program Files (x86)\Windows Kits\10\Include\10.0.26100.0\shared\winerror.h(59415,9): note: see previous definition of 'DXGI_ERROR_WAS_STILL_DRAWING'
C:\Dev\security\israeliclient2.0\19\thirdparty\dxsdk\Include\dxgitype.h(29,9): warning C4005: 'DXGI_ERROR_FRAME_STATISTICS_DISJOINT': macro redefinition
C:\Program Files (x86)\Windows Kits\10\Include\10.0.26100.0\shared\winerror.h(59425,9): note: see previous definition of 'DXGI_ERROR_FRAME_STATISTICS_DISJOINT'
C:\Dev\security\israeliclient2.0\19\thirdparty\dxsdk\Include\dxgitype.h(30,9): warning C4005: 'DXGI_ERROR_GRAPHICS_VIDPN_SOURCE_IN_USE': macro redefinition
C:\Program Files (x86)\Windows Kits\10\Include\10.0.26100.0\shared\winerror.h(59434,9): note: see previous definition of 'DXGI_ERROR_GRAPHICS_VIDPN_SOURCE_IN_USE'
C:\Dev\security\israeliclient2.0\19\thirdparty\dxsdk\Include\dxgitype.h(31,9): warning C4005: 'DXGI_ERROR_DRIVER_INTERNAL_ERROR': macro redefinition
C:\Program Files (x86)\Windows Kits\10\Include\10.0.26100.0\shared\winerror.h(59444,9): note: see previous definition of 'DXGI_ERROR_DRIVER_INTERNAL_ERROR'
C:\Dev\security\israeliclient2.0\19\thirdparty\dxsdk\Include\dxgitype.h(32,9): warning C4005: 'DXGI_ERROR_NONEXCLUSIVE': macro redefinition
C:\Program Files (x86)\Windows Kits\10\Include\10.0.26100.0\shared\winerror.h(59453,9): note: see previous definition of 'DXGI_ERROR_NONEXCLUSIVE'
C:\Dev\security\israeliclient2.0\19\thirdparty\dxsdk\Include\dxgitype.h(33,9): warning C4005: 'DXGI_ERROR_NOT_CURRENTLY_AVAILABLE': macro redefinition
C:\Program Files (x86)\Windows Kits\10\Include\10.0.26100.0\shared\winerror.h(59462,9): note: see previous definition of 'DXGI_ERROR_NOT_CURRENTLY_AVAILABLE'
C:\Dev\security\israeliclient2.0\19\thirdparty\dxsdk\Include\dxgitype.h(34,9): warning C4005: 'DXGI_ERROR_REMOTE_CLIENT_DISCONNECTED': macro redefinition
C:\Program Files (x86)\Windows Kits\10\Include\10.0.26100.0\shared\winerror.h(59472,9): note: see previous definition of 'DXGI_ERROR_REMOTE_CLIENT_DISCONNECTED'
C:\Dev\security\israeliclient2.0\19\thirdparty\dxsdk\Include\dxgitype.h(35,9): warning C4005: 'DXGI_ERROR_REMOTE_OUTOFMEMORY': macro redefinition
C:\Program Files (x86)\Windows Kits\10\Include\10.0.26100.0\shared\winerror.h(59481,9): note: see previous definition of 'DXGI_ERROR_REMOTE_OUTOFMEMORY'
C:\Dev\security\israeliclient2.0\19\thirdparty\dxsdk\Include\d3d11.h(917,9): warning C4005: 'D3D11_ERROR_TOO_MANY_UNIQUE_STATE_OBJECTS': macro redefinition
C:\Program Files (x86)\Windows Kits\10\Include\10.0.26100.0\shared\winerror.h(59796,9): note: see previous definition of 'D3D11_ERROR_TOO_MANY_UNIQUE_STATE_OBJECTS'
C:\Dev\security\israeliclient2.0\19\thirdparty\dxsdk\Include\d3d11.h(918,9): warning C4005: 'D3D11_ERROR_FILE_NOT_FOUND': macro redefinition
C:\Program Files (x86)\Windows Kits\10\Include\10.0.26100.0\shared\winerror.h(59805,9): note: see previous definition of 'D3D11_ERROR_FILE_NOT_FOUND'
C:\Dev\security\israeliclient2.0\19\thirdparty\dxsdk\Include\d3d11.h(919,9): warning C4005: 'D3D11_ERROR_TOO_MANY_UNIQUE_VIEW_OBJECTS': macro redefinition
C:\Program Files (x86)\Windows Kits\10\Include\10.0.26100.0\shared\winerror.h(59815,9): note: see previous definition of 'D3D11_ERROR_TOO_MANY_UNIQUE_VIEW_OBJECTS'
C:\Dev\security\israeliclient2.0\19\thirdparty\dxsdk\Include\d3d11.h(920,9): warning C4005: 'D3D11_ERROR_DEFERRED_CONTEXT_MAP_WITHOUT_INITIAL_DISCARD': macro redefinition
C:\Program Files (x86)\Windows Kits\10\Include\10.0.26100.0\shared\winerror.h(59824,9): note: see previous definition of 'D3D11_ERROR_DEFERRED_CONTEXT_MAP_WITHOUT_INITIAL_DISCARD'
C:\Dev\security\israeliclient2.0\19\thirdparty\dxsdk\Include\d3d10.h(608,9): warning C4005: 'D3D10_ERROR_TOO_MANY_UNIQUE_STATE_OBJECTS': macro redefinition
C:\Program Files (x86)\Windows Kits\10\Include\10.0.26100.0\shared\winerror.h(59772,9): note: see previous definition of 'D3D10_ERROR_TOO_MANY_UNIQUE_STATE_OBJECTS'
C:\Dev\security\israeliclient2.0\19\thirdparty\dxsdk\Include\d3d10.h(609,9): warning C4005: 'D3D10_ERROR_FILE_NOT_FOUND': macro redefinition
C:\Program Files (x86)\Windows Kits\10\Include\10.0.26100.0\shared\winerror.h(59781,9): note: see previous definition of 'D3D10_ERROR_FILE_NOT_FOUND'
C:\Dev\security\israeliclient2.0\19\framework\settings\functions.h(42,31): warning C4459: declaration of 'var' hides global declaration
C:\Dev\security\israeliclient2.0\19\framework\settings\variables.h(650,20): note: see declaration of 'var'
C:\Dev\security\israeliclient2.0\19\framework\settings\functions.h(402,90): warning C4244: 'return': conversion from 'double' to 'float', possible loss of data
C:\Dev\security\israeliclient2.0\19\framework\settings\functions.h(404,52): warning C4305: 'initializing': truncation from 'double' to 'float'
C:\Dev\security\israeliclient2.0\19\framework\settings\functions.h(404,116): warning C4244: 'return': conversion from 'double' to 'float', possible loss of data
C:\Dev\security\israeliclient2.0\19\framework\data\sounds.h(1,1): warning C4828: The file contains a character starting at offset 0x29 that is illegal in the current source character set (codepage 65001).
C:\Dev\security\israeliclient2.0\19\framework\functional\color_picker.cpp(19,16): warning C4244: 'initializing': conversion from 'double' to 'float', possible loss of data
C:\Dev\security\israeliclient2.0\19\framework\functional\color_picker.cpp(74,64): warning C4100: 'opened': unreferenced parameter
C:\Dev\security\israeliclient2.0\19\framework\functional\color_picker.cpp(80,19): warning C4189: 'g': local variable is initialized but not referenced
C:\Dev\security\israeliclient2.0\19\framework\functional\color_picker.cpp(133,92): warning C4100: 'ref_col': unreferenced parameter
C:\Dev\security\israeliclient2.0\19\framework\functional\color_picker.cpp(149,17): warning C4189: 'width': local variable is initialized but not referenced
C:\Dev\security\israeliclient2.0\19\framework\functional\color_picker.cpp(307,17): warning C4189: 'col_midgrey': local variable is initialized but not referenced
C:\Dev\security\israeliclient2.0\19\framework\functional\color_picker.cpp(502,35): warning C4390: ';': empty controlled statement found; is this the intent?
C:\Dev\security\israeliclient2.0\19\framework\functional\color_picker.cpp(443,17): warning C4189: 'inputs_offset_x': local variable is initialized but not referenced
C:\Dev\security\israeliclient2.0\19\framework\functional\color_picker.cpp(422,15): warning C4189: 'components': local variable is initialized but not referenced
C:\Dev\security\israeliclient2.0\19\framework\functional\color_picker.cpp(421,16): warning C4189: 'hdr': local variable is initialized but not referenced
C:\Dev\security\israeliclient2.0\19\framework\functional\color_picker.cpp(388,17): warning C4189: 'label_display_end': local variable is initialized but not referenced
config.cpp
C:\Dev\security\israeliclient2.0\19\thirdparty\dxsdk\Include\dxgitype.h(12,9): warning C4005: 'DXGI_STATUS_OCCLUDED': macro redefinition
C:\Program Files (x86)\Windows Kits\10\Include\10.0.26100.0\shared\winerror.h(59282,9): note: see previous definition of 'DXGI_STATUS_OCCLUDED'
C:\Dev\security\israeliclient2.0\19\thirdparty\dxsdk\Include\dxgitype.h(13,9): warning C4005: 'DXGI_STATUS_CLIPPED': macro redefinition
C:\Program Files (x86)\Windows Kits\10\Include\10.0.26100.0\shared\winerror.h(59291,9): note: see previous definition of 'DXGI_STATUS_CLIPPED'
C:\Dev\security\israeliclient2.0\19\thirdparty\dxsdk\Include\dxgitype.h(14,9): warning C4005: 'DXGI_STATUS_NO_REDIRECTION': macro redefinition
C:\Program Files (x86)\Windows Kits\10\Include\10.0.26100.0\shared\winerror.h(59300,9): note: see previous definition of 'DXGI_STATUS_NO_REDIRECTION'
C:\Dev\security\israeliclient2.0\19\thirdparty\dxsdk\Include\dxgitype.h(15,9): warning C4005: 'DXGI_STATUS_NO_DESKTOP_ACCESS': macro redefinition
C:\Program Files (x86)\Windows Kits\10\Include\10.0.26100.0\shared\winerror.h(59309,9): note: see previous definition of 'DXGI_STATUS_NO_DESKTOP_ACCESS'
C:\Dev\security\israeliclient2.0\19\thirdparty\dxsdk\Include\dxgitype.h(16,9): warning C4005: 'DXGI_STATUS_GRAPHICS_VIDPN_SOURCE_IN_USE': macro redefinition
C:\Program Files (x86)\Windows Kits\10\Include\10.0.26100.0\shared\winerror.h(59318,9): note: see previous definition of 'DXGI_STATUS_GRAPHICS_VIDPN_SOURCE_IN_USE'
C:\Dev\security\israeliclient2.0\19\thirdparty\dxsdk\Include\dxgitype.h(17,9): warning C4005: 'DXGI_STATUS_MODE_CHANGED': macro redefinition
C:\Program Files (x86)\Windows Kits\10\Include\10.0.26100.0\shared\winerror.h(59327,9): note: see previous definition of 'DXGI_STATUS_MODE_CHANGED'
C:\Dev\security\israeliclient2.0\19\thirdparty\dxsdk\Include\dxgitype.h(18,9): warning C4005: 'DXGI_STATUS_MODE_CHANGE_IN_PROGRESS': macro redefinition
C:\Program Files (x86)\Windows Kits\10\Include\10.0.26100.0\shared\winerror.h(59336,9): note: see previous definition of 'DXGI_STATUS_MODE_CHANGE_IN_PROGRESS'
C:\Dev\security\israeliclient2.0\19\thirdparty\dxsdk\Include\dxgitype.h(21,9): warning C4005: 'DXGI_ERROR_INVALID_CALL': macro redefinition
C:\Program Files (x86)\Windows Kits\10\Include\10.0.26100.0\shared\winerror.h(59351,9): note: see previous definition of 'DXGI_ERROR_INVALID_CALL'
C:\Dev\security\israeliclient2.0\19\thirdparty\dxsdk\Include\dxgitype.h(22,9): warning C4005: 'DXGI_ERROR_NOT_FOUND': macro redefinition
C:\Program Files (x86)\Windows Kits\10\Include\10.0.26100.0\shared\winerror.h(59360,9): note: see previous definition of 'DXGI_ERROR_NOT_FOUND'
C:\Dev\security\israeliclient2.0\19\thirdparty\dxsdk\Include\dxgitype.h(23,9): warning C4005: 'DXGI_ERROR_MORE_DATA': macro redefinition
C:\Program Files (x86)\Windows Kits\10\Include\10.0.26100.0\shared\winerror.h(59369,9): note: see previous definition of 'DXGI_ERROR_MORE_DATA'
C:\Dev\security\israeliclient2.0\19\thirdparty\dxsdk\Include\dxgitype.h(24,9): warning C4005: 'DXGI_ERROR_UNSUPPORTED': macro redefinition
C:\Program Files (x86)\Windows Kits\10\Include\10.0.26100.0\shared\winerror.h(59378,9): note: see previous definition of 'DXGI_ERROR_UNSUPPORTED'
C:\Dev\security\israeliclient2.0\19\thirdparty\dxsdk\Include\dxgitype.h(25,9): warning C4005: 'DXGI_ERROR_DEVICE_REMOVED': macro redefinition
C:\Program Files (x86)\Windows Kits\10\Include\10.0.26100.0\shared\winerror.h(59387,9): note: see previous definition of 'DXGI_ERROR_DEVICE_REMOVED'
C:\Dev\security\israeliclient2.0\19\thirdparty\dxsdk\Include\dxgitype.h(26,9): warning C4005: 'DXGI_ERROR_DEVICE_HUNG': macro redefinition
C:\Program Files (x86)\Windows Kits\10\Include\10.0.26100.0\shared\winerror.h(59396,9): note: see previous definition of 'DXGI_ERROR_DEVICE_HUNG'
C:\Dev\security\israeliclient2.0\19\thirdparty\dxsdk\Include\dxgitype.h(27,9): warning C4005: 'DXGI_ERROR_DEVICE_RESET': macro redefinition
C:\Program Files (x86)\Windows Kits\10\Include\10.0.26100.0\shared\winerror.h(59406,9): note: see previous definition of 'DXGI_ERROR_DEVICE_RESET'
C:\Dev\security\israeliclient2.0\19\thirdparty\dxsdk\Include\dxgitype.h(28,9): warning C4005: 'DXGI_ERROR_WAS_STILL_DRAWING': macro redefinition
C:\Program Files (x86)\Windows Kits\10\Include\10.0.26100.0\shared\winerror.h(59415,9): note: see previous definition of 'DXGI_ERROR_WAS_STILL_DRAWING'
C:\Dev\security\israeliclient2.0\19\thirdparty\dxsdk\Include\dxgitype.h(29,9): warning C4005: 'DXGI_ERROR_FRAME_STATISTICS_DISJOINT': macro redefinition
C:\Program Files (x86)\Windows Kits\10\Include\10.0.26100.0\shared\winerror.h(59425,9): note: see previous definition of 'DXGI_ERROR_FRAME_STATISTICS_DISJOINT'
C:\Dev\security\israeliclient2.0\19\thirdparty\dxsdk\Include\dxgitype.h(30,9): warning C4005: 'DXGI_ERROR_GRAPHICS_VIDPN_SOURCE_IN_USE': macro redefinition
C:\Program Files (x86)\Windows Kits\10\Include\10.0.26100.0\shared\winerror.h(59434,9): note: see previous definition of 'DXGI_ERROR_GRAPHICS_VIDPN_SOURCE_IN_USE'
C:\Dev\security\israeliclient2.0\19\thirdparty\dxsdk\Include\dxgitype.h(31,9): warning C4005: 'DXGI_ERROR_DRIVER_INTERNAL_ERROR': macro redefinition
C:\Program Files (x86)\Windows Kits\10\Include\10.0.26100.0\shared\winerror.h(59444,9): note: see previous definition of 'DXGI_ERROR_DRIVER_INTERNAL_ERROR'
C:\Dev\security\israeliclient2.0\19\thirdparty\dxsdk\Include\dxgitype.h(32,9): warning C4005: 'DXGI_ERROR_NONEXCLUSIVE': macro redefinition
C:\Program Files (x86)\Windows Kits\10\Include\10.0.26100.0\shared\winerror.h(59453,9): note: see previous definition of 'DXGI_ERROR_NONEXCLUSIVE'
C:\Dev\security\israeliclient2.0\19\thirdparty\dxsdk\Include\dxgitype.h(33,9): warning C4005: 'DXGI_ERROR_NOT_CURRENTLY_AVAILABLE': macro redefinition
C:\Program Files (x86)\Windows Kits\10\Include\10.0.26100.0\shared\winerror.h(59462,9): note: see previous definition of 'DXGI_ERROR_NOT_CURRENTLY_AVAILABLE'
C:\Dev\security\israeliclient2.0\19\thirdparty\dxsdk\Include\dxgitype.h(34,9): warning C4005: 'DXGI_ERROR_REMOTE_CLIENT_DISCONNECTED': macro redefinition
C:\Program Files (x86)\Windows Kits\10\Include\10.0.26100.0\shared\winerror.h(59472,9): note: see previous definition of 'DXGI_ERROR_REMOTE_CLIENT_DISCONNECTED'
C:\Dev\security\israeliclient2.0\19\thirdparty\dxsdk\Include\dxgitype.h(35,9): warning C4005: 'DXGI_ERROR_REMOTE_OUTOFMEMORY': macro redefinition
C:\Program Files (x86)\Windows Kits\10\Include\10.0.26100.0\shared\winerror.h(59481,9): note: see previous definition of 'DXGI_ERROR_REMOTE_OUTOFMEMORY'
C:\Dev\security\israeliclient2.0\19\thirdparty\dxsdk\Include\d3d11.h(917,9): warning C4005: 'D3D11_ERROR_TOO_MANY_UNIQUE_STATE_OBJECTS': macro redefinition
C:\Program Files (x86)\Windows Kits\10\Include\10.0.26100.0\shared\winerror.h(59796,9): note: see previous definition of 'D3D11_ERROR_TOO_MANY_UNIQUE_STATE_OBJECTS'
C:\Dev\security\israeliclient2.0\19\thirdparty\dxsdk\Include\d3d11.h(918,9): warning C4005: 'D3D11_ERROR_FILE_NOT_FOUND': macro redefinition
C:\Program Files (x86)\Windows Kits\10\Include\10.0.26100.0\shared\winerror.h(59805,9): note: see previous definition of 'D3D11_ERROR_FILE_NOT_FOUND'
C:\Dev\security\israeliclient2.0\19\thirdparty\dxsdk\Include\d3d11.h(919,9): warning C4005: 'D3D11_ERROR_TOO_MANY_UNIQUE_VIEW_OBJECTS': macro redefinition
C:\Program Files (x86)\Windows Kits\10\Include\10.0.26100.0\shared\winerror.h(59815,9): note: see previous definition of 'D3D11_ERROR_TOO_MANY_UNIQUE_VIEW_OBJECTS'
C:\Dev\security\israeliclient2.0\19\thirdparty\dxsdk\Include\d3d11.h(920,9): warning C4005: 'D3D11_ERROR_DEFERRED_CONTEXT_MAP_WITHOUT_INITIAL_DISCARD': macro redefinition
C:\Program Files (x86)\Windows Kits\10\Include\10.0.26100.0\shared\winerror.h(59824,9): note: see previous definition of 'D3D11_ERROR_DEFERRED_CONTEXT_MAP_WITHOUT_INITIAL_DISCARD'
C:\Dev\security\israeliclient2.0\19\thirdparty\dxsdk\Include\d3d10.h(608,9): warning C4005: 'D3D10_ERROR_TOO_MANY_UNIQUE_STATE_OBJECTS': macro redefinition
C:\Program Files (x86)\Windows Kits\10\Include\10.0.26100.0\shared\winerror.h(59772,9): note: see previous definition of 'D3D10_ERROR_TOO_MANY_UNIQUE_STATE_OBJECTS'
C:\Dev\security\israeliclient2.0\19\thirdparty\dxsdk\Include\d3d10.h(609,9): warning C4005: 'D3D10_ERROR_FILE_NOT_FOUND': macro redefinition
C:\Program Files (x86)\Windows Kits\10\Include\10.0.26100.0\shared\winerror.h(59781,9): note: see previous definition of 'D3D10_ERROR_FILE_NOT_FOUND'
C:\Dev\security\israeliclient2.0\19\framework\settings\functions.h(42,31): warning C4459: declaration of 'var' hides global declaration
C:\Dev\security\israeliclient2.0\19\framework\settings\variables.h(650,20): note: see declaration of 'var'
C:\Dev\security\israeliclient2.0\19\framework\settings\functions.h(402,90): warning C4244: 'return': conversion from 'double' to 'float', possible loss of data
C:\Dev\security\israeliclient2.0\19\framework\settings\functions.h(404,52): warning C4305: 'initializing': truncation from 'double' to 'float'
C:\Dev\security\israeliclient2.0\19\framework\settings\functions.h(404,116): warning C4244: 'return': conversion from 'double' to 'float', possible loss of data
C:\Dev\security\israeliclient2.0\19\framework\data\sounds.h(1,1): warning C4828: The file contains a character starting at offset 0x29 that is illegal in the current source character set (codepage 65001).
C:\Dev\security\israeliclient2.0\19\framework\functional\config.cpp(8,23): warning C4189: 'style': local variable is initialized but not referenced
C:\Dev\security\israeliclient2.0\19\framework\functional\config.cpp(43,16): warning C4189: 'selected': local variable is initialized but not referenced
C:\Dev\security\israeliclient2.0\19\framework\functional\config.cpp(39,23): warning C4189: 'style': local variable is initialized but not referenced
custom_draw.cpp
C:\Dev\security\israeliclient2.0\19\thirdparty\dxsdk\Include\dxgitype.h(12,9): warning C4005: 'DXGI_STATUS_OCCLUDED': macro redefinition
C:\Program Files (x86)\Windows Kits\10\Include\10.0.26100.0\shared\winerror.h(59282,9): note: see previous definition of 'DXGI_STATUS_OCCLUDED'
C:\Dev\security\israeliclient2.0\19\thirdparty\dxsdk\Include\dxgitype.h(13,9): warning C4005: 'DXGI_STATUS_CLIPPED': macro redefinition
C:\Program Files (x86)\Windows Kits\10\Include\10.0.26100.0\shared\winerror.h(59291,9): note: see previous definition of 'DXGI_STATUS_CLIPPED'
C:\Dev\security\israeliclient2.0\19\thirdparty\dxsdk\Include\dxgitype.h(14,9): warning C4005: 'DXGI_STATUS_NO_REDIRECTION': macro redefinition
C:\Program Files (x86)\Windows Kits\10\Include\10.0.26100.0\shared\winerror.h(59300,9): note: see previous definition of 'DXGI_STATUS_NO_REDIRECTION'
C:\Dev\security\israeliclient2.0\19\thirdparty\dxsdk\Include\dxgitype.h(15,9): warning C4005: 'DXGI_STATUS_NO_DESKTOP_ACCESS': macro redefinition
C:\Program Files (x86)\Windows Kits\10\Include\10.0.26100.0\shared\winerror.h(59309,9): note: see previous definition of 'DXGI_STATUS_NO_DESKTOP_ACCESS'
C:\Dev\security\israeliclient2.0\19\thirdparty\dxsdk\Include\dxgitype.h(16,9): warning C4005: 'DXGI_STATUS_GRAPHICS_VIDPN_SOURCE_IN_USE': macro redefinition
C:\Program Files (x86)\Windows Kits\10\Include\10.0.26100.0\shared\winerror.h(59318,9): note: see previous definition of 'DXGI_STATUS_GRAPHICS_VIDPN_SOURCE_IN_USE'
C:\Dev\security\israeliclient2.0\19\thirdparty\dxsdk\Include\dxgitype.h(17,9): warning C4005: 'DXGI_STATUS_MODE_CHANGED': macro redefinition
C:\Program Files (x86)\Windows Kits\10\Include\10.0.26100.0\shared\winerror.h(59327,9): note: see previous definition of 'DXGI_STATUS_MODE_CHANGED'
C:\Dev\security\israeliclient2.0\19\thirdparty\dxsdk\Include\dxgitype.h(18,9): warning C4005: 'DXGI_STATUS_MODE_CHANGE_IN_PROGRESS': macro redefinition
C:\Program Files (x86)\Windows Kits\10\Include\10.0.26100.0\shared\winerror.h(59336,9): note: see previous definition of 'DXGI_STATUS_MODE_CHANGE_IN_PROGRESS'
C:\Dev\security\israeliclient2.0\19\thirdparty\dxsdk\Include\dxgitype.h(21,9): warning C4005: 'DXGI_ERROR_INVALID_CALL': macro redefinition
C:\Program Files (x86)\Windows Kits\10\Include\10.0.26100.0\shared\winerror.h(59351,9): note: see previous definition of 'DXGI_ERROR_INVALID_CALL'
C:\Dev\security\israeliclient2.0\19\thirdparty\dxsdk\Include\dxgitype.h(22,9): warning C4005: 'DXGI_ERROR_NOT_FOUND': macro redefinition
C:\Program Files (x86)\Windows Kits\10\Include\10.0.26100.0\shared\winerror.h(59360,9): note: see previous definition of 'DXGI_ERROR_NOT_FOUND'
C:\Dev\security\israeliclient2.0\19\thirdparty\dxsdk\Include\dxgitype.h(23,9): warning C4005: 'DXGI_ERROR_MORE_DATA': macro redefinition
C:\Program Files (x86)\Windows Kits\10\Include\10.0.26100.0\shared\winerror.h(59369,9): note: see previous definition of 'DXGI_ERROR_MORE_DATA'
C:\Dev\security\israeliclient2.0\19\thirdparty\dxsdk\Include\dxgitype.h(24,9): warning C4005: 'DXGI_ERROR_UNSUPPORTED': macro redefinition
C:\Program Files (x86)\Windows Kits\10\Include\10.0.26100.0\shared\winerror.h(59378,9): note: see previous definition of 'DXGI_ERROR_UNSUPPORTED'
C:\Dev\security\israeliclient2.0\19\thirdparty\dxsdk\Include\dxgitype.h(25,9): warning C4005: 'DXGI_ERROR_DEVICE_REMOVED': macro redefinition
C:\Program Files (x86)\Windows Kits\10\Include\10.0.26100.0\shared\winerror.h(59387,9): note: see previous definition of 'DXGI_ERROR_DEVICE_REMOVED'
C:\Dev\security\israeliclient2.0\19\thirdparty\dxsdk\Include\dxgitype.h(26,9): warning C4005: 'DXGI_ERROR_DEVICE_HUNG': macro redefinition
C:\Program Files (x86)\Windows Kits\10\Include\10.0.26100.0\shared\winerror.h(59396,9): note: see previous definition of 'DXGI_ERROR_DEVICE_HUNG'
C:\Dev\security\israeliclient2.0\19\thirdparty\dxsdk\Include\dxgitype.h(27,9): warning C4005: 'DXGI_ERROR_DEVICE_RESET': macro redefinition
C:\Program Files (x86)\Windows Kits\10\Include\10.0.26100.0\shared\winerror.h(59406,9): note: see previous definition of 'DXGI_ERROR_DEVICE_RESET'
C:\Dev\security\israeliclient2.0\19\thirdparty\dxsdk\Include\dxgitype.h(28,9): warning C4005: 'DXGI_ERROR_WAS_STILL_DRAWING': macro redefinition
C:\Program Files (x86)\Windows Kits\10\Include\10.0.26100.0\shared\winerror.h(59415,9): note: see previous definition of 'DXGI_ERROR_WAS_STILL_DRAWING'
C:\Dev\security\israeliclient2.0\19\thirdparty\dxsdk\Include\dxgitype.h(29,9): warning C4005: 'DXGI_ERROR_FRAME_STATISTICS_DISJOINT': macro redefinition
C:\Program Files (x86)\Windows Kits\10\Include\10.0.26100.0\shared\winerror.h(59425,9): note: see previous definition of 'DXGI_ERROR_FRAME_STATISTICS_DISJOINT'
C:\Dev\security\israeliclient2.0\19\thirdparty\dxsdk\Include\dxgitype.h(30,9): warning C4005: 'DXGI_ERROR_GRAPHICS_VIDPN_SOURCE_IN_USE': macro redefinition
C:\Program Files (x86)\Windows Kits\10\Include\10.0.26100.0\shared\winerror.h(59434,9): note: see previous definition of 'DXGI_ERROR_GRAPHICS_VIDPN_SOURCE_IN_USE'
C:\Dev\security\israeliclient2.0\19\thirdparty\dxsdk\Include\dxgitype.h(31,9): warning C4005: 'DXGI_ERROR_DRIVER_INTERNAL_ERROR': macro redefinition
C:\Program Files (x86)\Windows Kits\10\Include\10.0.26100.0\shared\winerror.h(59444,9): note: see previous definition of 'DXGI_ERROR_DRIVER_INTERNAL_ERROR'
C:\Dev\security\israeliclient2.0\19\thirdparty\dxsdk\Include\dxgitype.h(32,9): warning C4005: 'DXGI_ERROR_NONEXCLUSIVE': macro redefinition
C:\Program Files (x86)\Windows Kits\10\Include\10.0.26100.0\shared\winerror.h(59453,9): note: see previous definition of 'DXGI_ERROR_NONEXCLUSIVE'
C:\Dev\security\israeliclient2.0\19\thirdparty\dxsdk\Include\dxgitype.h(33,9): warning C4005: 'DXGI_ERROR_NOT_CURRENTLY_AVAILABLE': macro redefinition
C:\Program Files (x86)\Windows Kits\10\Include\10.0.26100.0\shared\winerror.h(59462,9): note: see previous definition of 'DXGI_ERROR_NOT_CURRENTLY_AVAILABLE'
C:\Dev\security\israeliclient2.0\19\thirdparty\dxsdk\Include\dxgitype.h(34,9): warning C4005: 'DXGI_ERROR_REMOTE_CLIENT_DISCONNECTED': macro redefinition
C:\Program Files (x86)\Windows Kits\10\Include\10.0.26100.0\shared\winerror.h(59472,9): note: see previous definition of 'DXGI_ERROR_REMOTE_CLIENT_DISCONNECTED'
C:\Dev\security\israeliclient2.0\19\thirdparty\dxsdk\Include\dxgitype.h(35,9): warning C4005: 'DXGI_ERROR_REMOTE_OUTOFMEMORY': macro redefinition
C:\Program Files (x86)\Windows Kits\10\Include\10.0.26100.0\shared\winerror.h(59481,9): note: see previous definition of 'DXGI_ERROR_REMOTE_OUTOFMEMORY'
C:\Dev\security\israeliclient2.0\19\thirdparty\dxsdk\Include\d3d11.h(917,9): warning C4005: 'D3D11_ERROR_TOO_MANY_UNIQUE_STATE_OBJECTS': macro redefinition
C:\Program Files (x86)\Windows Kits\10\Include\10.0.26100.0\shared\winerror.h(59796,9): note: see previous definition of 'D3D11_ERROR_TOO_MANY_UNIQUE_STATE_OBJECTS'
C:\Dev\security\israeliclient2.0\19\thirdparty\dxsdk\Include\d3d11.h(918,9): warning C4005: 'D3D11_ERROR_FILE_NOT_FOUND': macro redefinition
C:\Program Files (x86)\Windows Kits\10\Include\10.0.26100.0\shared\winerror.h(59805,9): note: see previous definition of 'D3D11_ERROR_FILE_NOT_FOUND'
C:\Dev\security\israeliclient2.0\19\thirdparty\dxsdk\Include\d3d11.h(919,9): warning C4005: 'D3D11_ERROR_TOO_MANY_UNIQUE_VIEW_OBJECTS': macro redefinition
C:\Program Files (x86)\Windows Kits\10\Include\10.0.26100.0\shared\winerror.h(59815,9): note: see previous definition of 'D3D11_ERROR_TOO_MANY_UNIQUE_VIEW_OBJECTS'
C:\Dev\security\israeliclient2.0\19\thirdparty\dxsdk\Include\d3d11.h(920,9): warning C4005: 'D3D11_ERROR_DEFERRED_CONTEXT_MAP_WITHOUT_INITIAL_DISCARD': macro redefinition
C:\Program Files (x86)\Windows Kits\10\Include\10.0.26100.0\shared\winerror.h(59824,9): note: see previous definition of 'D3D11_ERROR_DEFERRED_CONTEXT_MAP_WITHOUT_INITIAL_DISCARD'
C:\Dev\security\israeliclient2.0\19\thirdparty\dxsdk\Include\d3d10.h(608,9): warning C4005: 'D3D10_ERROR_TOO_MANY_UNIQUE_STATE_OBJECTS': macro redefinition
C:\Program Files (x86)\Windows Kits\10\Include\10.0.26100.0\shared\winerror.h(59772,9): note: see previous definition of 'D3D10_ERROR_TOO_MANY_UNIQUE_STATE_OBJECTS'
C:\Dev\security\israeliclient2.0\19\thirdparty\dxsdk\Include\d3d10.h(609,9): warning C4005: 'D3D10_ERROR_FILE_NOT_FOUND': macro redefinition
C:\Program Files (x86)\Windows Kits\10\Include\10.0.26100.0\shared\winerror.h(59781,9): note: see previous definition of 'D3D10_ERROR_FILE_NOT_FOUND'
C:\Dev\security\israeliclient2.0\19\framework\settings\functions.h(42,31): warning C4459: declaration of 'var' hides global declaration
C:\Dev\security\israeliclient2.0\19\framework\settings\variables.h(650,20): note: see declaration of 'var'
C:\Dev\security\israeliclient2.0\19\framework\settings\functions.h(402,90): warning C4244: 'return': conversion from 'double' to 'float', possible loss of data
C:\Dev\security\israeliclient2.0\19\framework\settings\functions.h(404,52): warning C4305: 'initializing': truncation from 'double' to 'float'
C:\Dev\security\israeliclient2.0\19\framework\settings\functions.h(404,116): warning C4244: 'return': conversion from 'double' to 'float', possible loss of data
C:\Dev\security\israeliclient2.0\19\framework\data\sounds.h(1,1): warning C4828: The file contains a character starting at offset 0x29 that is illegal in the current source character set (codepage 65001).
C:\Dev\security\israeliclient2.0\19\framework\functional\custom_draw.cpp(13,50): warning C4459: declaration of 'draw' hides global declaration
C:\Dev\security\israeliclient2.0\19\framework\settings\functions.h(270,16): note: see declaration of 'draw'
C:\Dev\security\israeliclient2.0\19\framework\functional\custom_draw.cpp(108,43): warning C4459: declaration of 'draw' hides global declaration
C:\Dev\security\israeliclient2.0\19\framework\settings\functions.h(270,16): note: see declaration of 'draw'
C:\Dev\security\israeliclient2.0\19\framework\functional\custom_draw.cpp(392,35): warning C4459: declaration of 'draw' hides global declaration
C:\Dev\security\israeliclient2.0\19\framework\settings\functions.h(270,16): note: see declaration of 'draw'
C:\Dev\security\israeliclient2.0\19\framework\functional\custom_draw.cpp(401,41): warning C4459: declaration of 'draw' hides global declaration
C:\Dev\security\israeliclient2.0\19\framework\settings\functions.h(270,16): note: see declaration of 'draw'
C:\Dev\security\israeliclient2.0\19\framework\functional\custom_draw.cpp(420,40): warning C4459: declaration of 'draw' hides global declaration
C:\Dev\security\israeliclient2.0\19\framework\settings\functions.h(270,16): note: see declaration of 'draw'
drag_slider.cpp
C:\Dev\security\israeliclient2.0\19\thirdparty\dxsdk\Include\dxgitype.h(12,9): warning C4005: 'DXGI_STATUS_OCCLUDED': macro redefinition
C:\Program Files (x86)\Windows Kits\10\Include\10.0.26100.0\shared\winerror.h(59282,9): note: see previous definition of 'DXGI_STATUS_OCCLUDED'
C:\Dev\security\israeliclient2.0\19\thirdparty\dxsdk\Include\dxgitype.h(13,9): warning C4005: 'DXGI_STATUS_CLIPPED': macro redefinition
C:\Program Files (x86)\Windows Kits\10\Include\10.0.26100.0\shared\winerror.h(59291,9): note: see previous definition of 'DXGI_STATUS_CLIPPED'
C:\Dev\security\israeliclient2.0\19\thirdparty\dxsdk\Include\dxgitype.h(14,9): warning C4005: 'DXGI_STATUS_NO_REDIRECTION': macro redefinition
C:\Program Files (x86)\Windows Kits\10\Include\10.0.26100.0\shared\winerror.h(59300,9): note: see previous definition of 'DXGI_STATUS_NO_REDIRECTION'
C:\Dev\security\israeliclient2.0\19\thirdparty\dxsdk\Include\dxgitype.h(15,9): warning C4005: 'DXGI_STATUS_NO_DESKTOP_ACCESS': macro redefinition
C:\Program Files (x86)\Windows Kits\10\Include\10.0.26100.0\shared\winerror.h(59309,9): note: see previous definition of 'DXGI_STATUS_NO_DESKTOP_ACCESS'
C:\Dev\security\israeliclient2.0\19\thirdparty\dxsdk\Include\dxgitype.h(16,9): warning C4005: 'DXGI_STATUS_GRAPHICS_VIDPN_SOURCE_IN_USE': macro redefinition
C:\Program Files (x86)\Windows Kits\10\Include\10.0.26100.0\shared\winerror.h(59318,9): note: see previous definition of 'DXGI_STATUS_GRAPHICS_VIDPN_SOURCE_IN_USE'
C:\Dev\security\israeliclient2.0\19\thirdparty\dxsdk\Include\dxgitype.h(17,9): warning C4005: 'DXGI_STATUS_MODE_CHANGED': macro redefinition
C:\Program Files (x86)\Windows Kits\10\Include\10.0.26100.0\shared\winerror.h(59327,9): note: see previous definition of 'DXGI_STATUS_MODE_CHANGED'
C:\Dev\security\israeliclient2.0\19\thirdparty\dxsdk\Include\dxgitype.h(18,9): warning C4005: 'DXGI_STATUS_MODE_CHANGE_IN_PROGRESS': macro redefinition
C:\Program Files (x86)\Windows Kits\10\Include\10.0.26100.0\shared\winerror.h(59336,9): note: see previous definition of 'DXGI_STATUS_MODE_CHANGE_IN_PROGRESS'
C:\Dev\security\israeliclient2.0\19\thirdparty\dxsdk\Include\dxgitype.h(21,9): warning C4005: 'DXGI_ERROR_INVALID_CALL': macro redefinition
C:\Program Files (x86)\Windows Kits\10\Include\10.0.26100.0\shared\winerror.h(59351,9): note: see previous definition of 'DXGI_ERROR_INVALID_CALL'
C:\Dev\security\israeliclient2.0\19\thirdparty\dxsdk\Include\dxgitype.h(22,9): warning C4005: 'DXGI_ERROR_NOT_FOUND': macro redefinition
C:\Program Files (x86)\Windows Kits\10\Include\10.0.26100.0\shared\winerror.h(59360,9): note: see previous definition of 'DXGI_ERROR_NOT_FOUND'
C:\Dev\security\israeliclient2.0\19\thirdparty\dxsdk\Include\dxgitype.h(23,9): warning C4005: 'DXGI_ERROR_MORE_DATA': macro redefinition
C:\Program Files (x86)\Windows Kits\10\Include\10.0.26100.0\shared\winerror.h(59369,9): note: see previous definition of 'DXGI_ERROR_MORE_DATA'
C:\Dev\security\israeliclient2.0\19\thirdparty\dxsdk\Include\dxgitype.h(24,9): warning C4005: 'DXGI_ERROR_UNSUPPORTED': macro redefinition
C:\Program Files (x86)\Windows Kits\10\Include\10.0.26100.0\shared\winerror.h(59378,9): note: see previous definition of 'DXGI_ERROR_UNSUPPORTED'
C:\Dev\security\israeliclient2.0\19\thirdparty\dxsdk\Include\dxgitype.h(25,9): warning C4005: 'DXGI_ERROR_DEVICE_REMOVED': macro redefinition
C:\Program Files (x86)\Windows Kits\10\Include\10.0.26100.0\shared\winerror.h(59387,9): note: see previous definition of 'DXGI_ERROR_DEVICE_REMOVED'
C:\Dev\security\israeliclient2.0\19\thirdparty\dxsdk\Include\dxgitype.h(26,9): warning C4005: 'DXGI_ERROR_DEVICE_HUNG': macro redefinition
C:\Program Files (x86)\Windows Kits\10\Include\10.0.26100.0\shared\winerror.h(59396,9): note: see previous definition of 'DXGI_ERROR_DEVICE_HUNG'
C:\Dev\security\israeliclient2.0\19\thirdparty\dxsdk\Include\dxgitype.h(27,9): warning C4005: 'DXGI_ERROR_DEVICE_RESET': macro redefinition
C:\Program Files (x86)\Windows Kits\10\Include\10.0.26100.0\shared\winerror.h(59406,9): note: see previous definition of 'DXGI_ERROR_DEVICE_RESET'
C:\Dev\security\israeliclient2.0\19\thirdparty\dxsdk\Include\dxgitype.h(28,9): warning C4005: 'DXGI_ERROR_WAS_STILL_DRAWING': macro redefinition
C:\Program Files (x86)\Windows Kits\10\Include\10.0.26100.0\shared\winerror.h(59415,9): note: see previous definition of 'DXGI_ERROR_WAS_STILL_DRAWING'
C:\Dev\security\israeliclient2.0\19\thirdparty\dxsdk\Include\dxgitype.h(29,9): warning C4005: 'DXGI_ERROR_FRAME_STATISTICS_DISJOINT': macro redefinition
C:\Program Files (x86)\Windows Kits\10\Include\10.0.26100.0\shared\winerror.h(59425,9): note: see previous definition of 'DXGI_ERROR_FRAME_STATISTICS_DISJOINT'
C:\Dev\security\israeliclient2.0\19\thirdparty\dxsdk\Include\dxgitype.h(30,9): warning C4005: 'DXGI_ERROR_GRAPHICS_VIDPN_SOURCE_IN_USE': macro redefinition
C:\Program Files (x86)\Windows Kits\10\Include\10.0.26100.0\shared\winerror.h(59434,9): note: see previous definition of 'DXGI_ERROR_GRAPHICS_VIDPN_SOURCE_IN_USE'
C:\Dev\security\israeliclient2.0\19\thirdparty\dxsdk\Include\dxgitype.h(31,9): warning C4005: 'DXGI_ERROR_DRIVER_INTERNAL_ERROR': macro redefinition
C:\Program Files (x86)\Windows Kits\10\Include\10.0.26100.0\shared\winerror.h(59444,9): note: see previous definition of 'DXGI_ERROR_DRIVER_INTERNAL_ERROR'
C:\Dev\security\israeliclient2.0\19\thirdparty\dxsdk\Include\dxgitype.h(32,9): warning C4005: 'DXGI_ERROR_NONEXCLUSIVE': macro redefinition
C:\Program Files (x86)\Windows Kits\10\Include\10.0.26100.0\shared\winerror.h(59453,9): note: see previous definition of 'DXGI_ERROR_NONEXCLUSIVE'
C:\Dev\security\israeliclient2.0\19\thirdparty\dxsdk\Include\dxgitype.h(33,9): warning C4005: 'DXGI_ERROR_NOT_CURRENTLY_AVAILABLE': macro redefinition
C:\Program Files (x86)\Windows Kits\10\Include\10.0.26100.0\shared\winerror.h(59462,9): note: see previous definition of 'DXGI_ERROR_NOT_CURRENTLY_AVAILABLE'
C:\Dev\security\israeliclient2.0\19\thirdparty\dxsdk\Include\dxgitype.h(34,9): warning C4005: 'DXGI_ERROR_REMOTE_CLIENT_DISCONNECTED': macro redefinition
C:\Program Files (x86)\Windows Kits\10\Include\10.0.26100.0\shared\winerror.h(59472,9): note: see previous definition of 'DXGI_ERROR_REMOTE_CLIENT_DISCONNECTED'
C:\Dev\security\israeliclient2.0\19\thirdparty\dxsdk\Include\dxgitype.h(35,9): warning C4005: 'DXGI_ERROR_REMOTE_OUTOFMEMORY': macro redefinition
C:\Program Files (x86)\Windows Kits\10\Include\10.0.26100.0\shared\winerror.h(59481,9): note: see previous definition of 'DXGI_ERROR_REMOTE_OUTOFMEMORY'
C:\Dev\security\israeliclient2.0\19\thirdparty\dxsdk\Include\d3d11.h(917,9): warning C4005: 'D3D11_ERROR_TOO_MANY_UNIQUE_STATE_OBJECTS': macro redefinition
C:\Program Files (x86)\Windows Kits\10\Include\10.0.26100.0\shared\winerror.h(59796,9): note: see previous definition of 'D3D11_ERROR_TOO_MANY_UNIQUE_STATE_OBJECTS'
C:\Dev\security\israeliclient2.0\19\thirdparty\dxsdk\Include\d3d11.h(918,9): warning C4005: 'D3D11_ERROR_FILE_NOT_FOUND': macro redefinition
C:\Program Files (x86)\Windows Kits\10\Include\10.0.26100.0\shared\winerror.h(59805,9): note: see previous definition of 'D3D11_ERROR_FILE_NOT_FOUND'
C:\Dev\security\israeliclient2.0\19\thirdparty\dxsdk\Include\d3d11.h(919,9): warning C4005: 'D3D11_ERROR_TOO_MANY_UNIQUE_VIEW_OBJECTS': macro redefinition
C:\Program Files (x86)\Windows Kits\10\Include\10.0.26100.0\shared\winerror.h(59815,9): note: see previous definition of 'D3D11_ERROR_TOO_MANY_UNIQUE_VIEW_OBJECTS'
C:\Dev\security\israeliclient2.0\19\thirdparty\dxsdk\Include\d3d11.h(920,9): warning C4005: 'D3D11_ERROR_DEFERRED_CONTEXT_MAP_WITHOUT_INITIAL_DISCARD': macro redefinition
C:\Program Files (x86)\Windows Kits\10\Include\10.0.26100.0\shared\winerror.h(59824,9): note: see previous definition of 'D3D11_ERROR_DEFERRED_CONTEXT_MAP_WITHOUT_INITIAL_DISCARD'
C:\Dev\security\israeliclient2.0\19\thirdparty\dxsdk\Include\d3d10.h(608,9): warning C4005: 'D3D10_ERROR_TOO_MANY_UNIQUE_STATE_OBJECTS': macro redefinition
C:\Program Files (x86)\Windows Kits\10\Include\10.0.26100.0\shared\winerror.h(59772,9): note: see previous definition of 'D3D10_ERROR_TOO_MANY_UNIQUE_STATE_OBJECTS'
C:\Dev\security\israeliclient2.0\19\thirdparty\dxsdk\Include\d3d10.h(609,9): warning C4005: 'D3D10_ERROR_FILE_NOT_FOUND': macro redefinition
C:\Program Files (x86)\Windows Kits\10\Include\10.0.26100.0\shared\winerror.h(59781,9): note: see previous definition of 'D3D10_ERROR_FILE_NOT_FOUND'
C:\Dev\security\israeliclient2.0\19\framework\settings\functions.h(42,31): warning C4459: declaration of 'var' hides global declaration
C:\Dev\security\israeliclient2.0\19\framework\settings\variables.h(650,20): note: see declaration of 'var'
C:\Dev\security\israeliclient2.0\19\framework\settings\functions.h(402,90): warning C4244: 'return': conversion from 'double' to 'float', possible loss of data
C:\Dev\security\israeliclient2.0\19\framework\settings\functions.h(404,52): warning C4305: 'initializing': truncation from 'double' to 'float'
C:\Dev\security\israeliclient2.0\19\framework\settings\functions.h(404,116): warning C4244: 'return': conversion from 'double' to 'float', possible loss of data
C:\Dev\security\israeliclient2.0\19\framework\data\sounds.h(1,1): warning C4828: The file contains a character starting at offset 0x29 that is illegal in the current source character set (codepage 65001).
C:\Dev\security\israeliclient2.0\19\framework\functional\drag_slider.cpp(327,76): warning C4244: 'argument': conversion from 'int' to 'float', possible loss of data
C:\Dev\security\israeliclient2.0\19\framework\functional\drag_slider.cpp(271,27): warning C4244: 'initializing': conversion from 'double' to 'float', possible loss of data
C:\Dev\security\israeliclient2.0\19\framework\functional\drag_slider.cpp(271,27): note: the template instantiation context (the oldest one first) is
C:\Dev\security\israeliclient2.0\19\framework\functional\drag_slider.cpp(322,12): note: see reference to function template instantiation 'bool slider_scalar<float>(std::string_view,ImGuiDataType,T *,const T *,const T *,float,const char *)' being compiled
        with
        [
            T=float
        ]
C:\Dev\security\israeliclient2.0\19\framework\functional\drag_slider.cpp(308,103): warning C4244: '=': conversion from 'int' to 'float', possible loss of data
C:\Dev\security\israeliclient2.0\19\framework\functional\drag_slider.cpp(261,11): warning C4189: 'bar_spacing': local variable is initialized but not referenced
C:\Dev\security\israeliclient2.0\19\framework\functional\drag_slider.cpp(232,77): warning C4189: 'pressed': local variable is initialized but not referenced
C:\Dev\security\israeliclient2.0\19\framework\functional\drag_slider.cpp(217,23): warning C4189: 'style': local variable is initialized but not referenced
C:\Dev\security\israeliclient2.0\19\framework\functional\drag_slider.cpp(290,30): warning C4244: '+=': conversion from 'float' to 'int', possible loss of data
C:\Dev\security\israeliclient2.0\19\framework\functional\drag_slider.cpp(298,30): warning C4244: '-=': conversion from 'float' to 'int', possible loss of data
C:\Dev\security\israeliclient2.0\19\framework\functional\drag_slider.cpp(307,16): warning C4244: 'initializing': conversion from 'float' to 'int', possible loss of data
dropdown.cpp
C:\Dev\security\israeliclient2.0\19\thirdparty\dxsdk\Include\dxgitype.h(12,9): warning C4005: 'DXGI_STATUS_OCCLUDED': macro redefinition
C:\Program Files (x86)\Windows Kits\10\Include\10.0.26100.0\shared\winerror.h(59282,9): note: see previous definition of 'DXGI_STATUS_OCCLUDED'
C:\Dev\security\israeliclient2.0\19\thirdparty\dxsdk\Include\dxgitype.h(13,9): warning C4005: 'DXGI_STATUS_CLIPPED': macro redefinition
C:\Program Files (x86)\Windows Kits\10\Include\10.0.26100.0\shared\winerror.h(59291,9): note: see previous definition of 'DXGI_STATUS_CLIPPED'
C:\Dev\security\israeliclient2.0\19\thirdparty\dxsdk\Include\dxgitype.h(14,9): warning C4005: 'DXGI_STATUS_NO_REDIRECTION': macro redefinition
C:\Program Files (x86)\Windows Kits\10\Include\10.0.26100.0\shared\winerror.h(59300,9): note: see previous definition of 'DXGI_STATUS_NO_REDIRECTION'
C:\Dev\security\israeliclient2.0\19\thirdparty\dxsdk\Include\dxgitype.h(15,9): warning C4005: 'DXGI_STATUS_NO_DESKTOP_ACCESS': macro redefinition
C:\Program Files (x86)\Windows Kits\10\Include\10.0.26100.0\shared\winerror.h(59309,9): note: see previous definition of 'DXGI_STATUS_NO_DESKTOP_ACCESS'
C:\Dev\security\israeliclient2.0\19\thirdparty\dxsdk\Include\dxgitype.h(16,9): warning C4005: 'DXGI_STATUS_GRAPHICS_VIDPN_SOURCE_IN_USE': macro redefinition
C:\Program Files (x86)\Windows Kits\10\Include\10.0.26100.0\shared\winerror.h(59318,9): note: see previous definition of 'DXGI_STATUS_GRAPHICS_VIDPN_SOURCE_IN_USE'
C:\Dev\security\israeliclient2.0\19\thirdparty\dxsdk\Include\dxgitype.h(17,9): warning C4005: 'DXGI_STATUS_MODE_CHANGED': macro redefinition
C:\Program Files (x86)\Windows Kits\10\Include\10.0.26100.0\shared\winerror.h(59327,9): note: see previous definition of 'DXGI_STATUS_MODE_CHANGED'
C:\Dev\security\israeliclient2.0\19\thirdparty\dxsdk\Include\dxgitype.h(18,9): warning C4005: 'DXGI_STATUS_MODE_CHANGE_IN_PROGRESS': macro redefinition
C:\Program Files (x86)\Windows Kits\10\Include\10.0.26100.0\shared\winerror.h(59336,9): note: see previous definition of 'DXGI_STATUS_MODE_CHANGE_IN_PROGRESS'
C:\Dev\security\israeliclient2.0\19\thirdparty\dxsdk\Include\dxgitype.h(21,9): warning C4005: 'DXGI_ERROR_INVALID_CALL': macro redefinition
C:\Program Files (x86)\Windows Kits\10\Include\10.0.26100.0\shared\winerror.h(59351,9): note: see previous definition of 'DXGI_ERROR_INVALID_CALL'
C:\Dev\security\israeliclient2.0\19\thirdparty\dxsdk\Include\dxgitype.h(22,9): warning C4005: 'DXGI_ERROR_NOT_FOUND': macro redefinition
C:\Program Files (x86)\Windows Kits\10\Include\10.0.26100.0\shared\winerror.h(59360,9): note: see previous definition of 'DXGI_ERROR_NOT_FOUND'
C:\Dev\security\israeliclient2.0\19\thirdparty\dxsdk\Include\dxgitype.h(23,9): warning C4005: 'DXGI_ERROR_MORE_DATA': macro redefinition
C:\Program Files (x86)\Windows Kits\10\Include\10.0.26100.0\shared\winerror.h(59369,9): note: see previous definition of 'DXGI_ERROR_MORE_DATA'
C:\Dev\security\israeliclient2.0\19\thirdparty\dxsdk\Include\dxgitype.h(24,9): warning C4005: 'DXGI_ERROR_UNSUPPORTED': macro redefinition
C:\Program Files (x86)\Windows Kits\10\Include\10.0.26100.0\shared\winerror.h(59378,9): note: see previous definition of 'DXGI_ERROR_UNSUPPORTED'
C:\Dev\security\israeliclient2.0\19\thirdparty\dxsdk\Include\dxgitype.h(25,9): warning C4005: 'DXGI_ERROR_DEVICE_REMOVED': macro redefinition
C:\Program Files (x86)\Windows Kits\10\Include\10.0.26100.0\shared\winerror.h(59387,9): note: see previous definition of 'DXGI_ERROR_DEVICE_REMOVED'
C:\Dev\security\israeliclient2.0\19\thirdparty\dxsdk\Include\dxgitype.h(26,9): warning C4005: 'DXGI_ERROR_DEVICE_HUNG': macro redefinition
C:\Program Files (x86)\Windows Kits\10\Include\10.0.26100.0\shared\winerror.h(59396,9): note: see previous definition of 'DXGI_ERROR_DEVICE_HUNG'
C:\Dev\security\israeliclient2.0\19\thirdparty\dxsdk\Include\dxgitype.h(27,9): warning C4005: 'DXGI_ERROR_DEVICE_RESET': macro redefinition
C:\Program Files (x86)\Windows Kits\10\Include\10.0.26100.0\shared\winerror.h(59406,9): note: see previous definition of 'DXGI_ERROR_DEVICE_RESET'
C:\Dev\security\israeliclient2.0\19\thirdparty\dxsdk\Include\dxgitype.h(28,9): warning C4005: 'DXGI_ERROR_WAS_STILL_DRAWING': macro redefinition
C:\Program Files (x86)\Windows Kits\10\Include\10.0.26100.0\shared\winerror.h(59415,9): note: see previous definition of 'DXGI_ERROR_WAS_STILL_DRAWING'
C:\Dev\security\israeliclient2.0\19\thirdparty\dxsdk\Include\dxgitype.h(29,9): warning C4005: 'DXGI_ERROR_FRAME_STATISTICS_DISJOINT': macro redefinition
C:\Program Files (x86)\Windows Kits\10\Include\10.0.26100.0\shared\winerror.h(59425,9): note: see previous definition of 'DXGI_ERROR_FRAME_STATISTICS_DISJOINT'
C:\Dev\security\israeliclient2.0\19\thirdparty\dxsdk\Include\dxgitype.h(30,9): warning C4005: 'DXGI_ERROR_GRAPHICS_VIDPN_SOURCE_IN_USE': macro redefinition
C:\Program Files (x86)\Windows Kits\10\Include\10.0.26100.0\shared\winerror.h(59434,9): note: see previous definition of 'DXGI_ERROR_GRAPHICS_VIDPN_SOURCE_IN_USE'
C:\Dev\security\israeliclient2.0\19\thirdparty\dxsdk\Include\dxgitype.h(31,9): warning C4005: 'DXGI_ERROR_DRIVER_INTERNAL_ERROR': macro redefinition
C:\Program Files (x86)\Windows Kits\10\Include\10.0.26100.0\shared\winerror.h(59444,9): note: see previous definition of 'DXGI_ERROR_DRIVER_INTERNAL_ERROR'
C:\Dev\security\israeliclient2.0\19\thirdparty\dxsdk\Include\dxgitype.h(32,9): warning C4005: 'DXGI_ERROR_NONEXCLUSIVE': macro redefinition
C:\Program Files (x86)\Windows Kits\10\Include\10.0.26100.0\shared\winerror.h(59453,9): note: see previous definition of 'DXGI_ERROR_NONEXCLUSIVE'
C:\Dev\security\israeliclient2.0\19\thirdparty\dxsdk\Include\dxgitype.h(33,9): warning C4005: 'DXGI_ERROR_NOT_CURRENTLY_AVAILABLE': macro redefinition
C:\Program Files (x86)\Windows Kits\10\Include\10.0.26100.0\shared\winerror.h(59462,9): note: see previous definition of 'DXGI_ERROR_NOT_CURRENTLY_AVAILABLE'
C:\Dev\security\israeliclient2.0\19\thirdparty\dxsdk\Include\dxgitype.h(34,9): warning C4005: 'DXGI_ERROR_REMOTE_CLIENT_DISCONNECTED': macro redefinition
C:\Program Files (x86)\Windows Kits\10\Include\10.0.26100.0\shared\winerror.h(59472,9): note: see previous definition of 'DXGI_ERROR_REMOTE_CLIENT_DISCONNECTED'
C:\Dev\security\israeliclient2.0\19\thirdparty\dxsdk\Include\dxgitype.h(35,9): warning C4005: 'DXGI_ERROR_REMOTE_OUTOFMEMORY': macro redefinition
C:\Program Files (x86)\Windows Kits\10\Include\10.0.26100.0\shared\winerror.h(59481,9): note: see previous definition of 'DXGI_ERROR_REMOTE_OUTOFMEMORY'
C:\Dev\security\israeliclient2.0\19\thirdparty\dxsdk\Include\d3d11.h(917,9): warning C4005: 'D3D11_ERROR_TOO_MANY_UNIQUE_STATE_OBJECTS': macro redefinition
C:\Program Files (x86)\Windows Kits\10\Include\10.0.26100.0\shared\winerror.h(59796,9): note: see previous definition of 'D3D11_ERROR_TOO_MANY_UNIQUE_STATE_OBJECTS'
C:\Dev\security\israeliclient2.0\19\thirdparty\dxsdk\Include\d3d11.h(918,9): warning C4005: 'D3D11_ERROR_FILE_NOT_FOUND': macro redefinition
C:\Program Files (x86)\Windows Kits\10\Include\10.0.26100.0\shared\winerror.h(59805,9): note: see previous definition of 'D3D11_ERROR_FILE_NOT_FOUND'
C:\Dev\security\israeliclient2.0\19\thirdparty\dxsdk\Include\d3d11.h(919,9): warning C4005: 'D3D11_ERROR_TOO_MANY_UNIQUE_VIEW_OBJECTS': macro redefinition
C:\Program Files (x86)\Windows Kits\10\Include\10.0.26100.0\shared\winerror.h(59815,9): note: see previous definition of 'D3D11_ERROR_TOO_MANY_UNIQUE_VIEW_OBJECTS'
C:\Dev\security\israeliclient2.0\19\thirdparty\dxsdk\Include\d3d11.h(920,9): warning C4005: 'D3D11_ERROR_DEFERRED_CONTEXT_MAP_WITHOUT_INITIAL_DISCARD': macro redefinition
C:\Program Files (x86)\Windows Kits\10\Include\10.0.26100.0\shared\winerror.h(59824,9): note: see previous definition of 'D3D11_ERROR_DEFERRED_CONTEXT_MAP_WITHOUT_INITIAL_DISCARD'
C:\Dev\security\israeliclient2.0\19\thirdparty\dxsdk\Include\d3d10.h(608,9): warning C4005: 'D3D10_ERROR_TOO_MANY_UNIQUE_STATE_OBJECTS': macro redefinition
C:\Program Files (x86)\Windows Kits\10\Include\10.0.26100.0\shared\winerror.h(59772,9): note: see previous definition of 'D3D10_ERROR_TOO_MANY_UNIQUE_STATE_OBJECTS'
C:\Dev\security\israeliclient2.0\19\thirdparty\dxsdk\Include\d3d10.h(609,9): warning C4005: 'D3D10_ERROR_FILE_NOT_FOUND': macro redefinition
C:\Program Files (x86)\Windows Kits\10\Include\10.0.26100.0\shared\winerror.h(59781,9): note: see previous definition of 'D3D10_ERROR_FILE_NOT_FOUND'
C:\Dev\security\israeliclient2.0\19\framework\settings\functions.h(42,31): warning C4459: declaration of 'var' hides global declaration
C:\Dev\security\israeliclient2.0\19\framework\settings\variables.h(650,20): note: see declaration of 'var'
C:\Dev\security\israeliclient2.0\19\framework\settings\functions.h(402,90): warning C4244: 'return': conversion from 'double' to 'float', possible loss of data
C:\Dev\security\israeliclient2.0\19\framework\settings\functions.h(404,52): warning C4305: 'initializing': truncation from 'double' to 'float'
C:\Dev\security\israeliclient2.0\19\framework\settings\functions.h(404,116): warning C4244: 'return': conversion from 'double' to 'float', possible loss of data
C:\Dev\security\israeliclient2.0\19\framework\data\sounds.h(1,1): warning C4828: The file contains a character starting at offset 0x29 that is illegal in the current source character set (codepage 65001).
C:\Dev\security\israeliclient2.0\19\framework\functional\dropdown.cpp(29,23): warning C4189: 'style': local variable is initialized but not referenced
C:\Dev\security\israeliclient2.0\19\framework\functional\dropdown.cpp(119,181): warning C4305: 'argument': truncation from 'double' to 'float'
C:\Dev\security\israeliclient2.0\19\framework\functional\dropdown.cpp(65,116): warning C4100: 'flags': unreferenced parameter
C:\Dev\security\israeliclient2.0\19\framework\functional\dropdown.cpp(98,25): warning C4189: 'pressed': local variable is initialized but not referenced
C:\Dev\security\israeliclient2.0\19\framework\functional\dropdown.cpp(78,30): warning C4189: 'backup_next_window_data_flags': local variable is initialized but not referenced
C:\Dev\security\israeliclient2.0\19\framework\functional\dropdown.cpp(81,23): warning C4189: 'style': local variable is initialized but not referenced
C:\Dev\security\israeliclient2.0\19\framework\functional\dropdown.cpp(220,65): warning C4267: 'argument': conversion from 'size_t' to 'int', possible loss of data
C:\Dev\security\israeliclient2.0\19\framework\functional\dropdown.cpp(203,19): warning C4189: 'g': local variable is initialized but not referenced
C:\Dev\security\israeliclient2.0\19\framework\functional\dropdown.cpp(230,121): warning C4100: 'flags': unreferenced parameter
C:\Dev\security\israeliclient2.0\19\framework\functional\dropdown.cpp(256,25): warning C4189: 'pressed': local variable is initialized but not referenced
C:\Dev\security\israeliclient2.0\19\framework\functional\dropdown.cpp(242,30): warning C4189: 'backup_next_window_data_flags': local variable is initialized but not referenced
C:\Dev\security\israeliclient2.0\19\framework\functional\dropdown.cpp(245,23): warning C4189: 'style': local variable is initialized but not referenced
C:\Dev\security\israeliclient2.0\19\framework\functional\dropdown.cpp(11,20): warning C4505: 'items_array_getter': unreferenced function with internal linkage has been removed
esp_preview.cpp
C:\Dev\security\israeliclient2.0\19\thirdparty\dxsdk\Include\dxgitype.h(12,9): warning C4005: 'DXGI_STATUS_OCCLUDED': macro redefinition
C:\Program Files (x86)\Windows Kits\10\Include\10.0.26100.0\shared\winerror.h(59282,9): note: see previous definition of 'DXGI_STATUS_OCCLUDED'
C:\Dev\security\israeliclient2.0\19\thirdparty\dxsdk\Include\dxgitype.h(13,9): warning C4005: 'DXGI_STATUS_CLIPPED': macro redefinition
C:\Program Files (x86)\Windows Kits\10\Include\10.0.26100.0\shared\winerror.h(59291,9): note: see previous definition of 'DXGI_STATUS_CLIPPED'
C:\Dev\security\israeliclient2.0\19\thirdparty\dxsdk\Include\dxgitype.h(14,9): warning C4005: 'DXGI_STATUS_NO_REDIRECTION': macro redefinition
C:\Program Files (x86)\Windows Kits\10\Include\10.0.26100.0\shared\winerror.h(59300,9): note: see previous definition of 'DXGI_STATUS_NO_REDIRECTION'
C:\Dev\security\israeliclient2.0\19\thirdparty\dxsdk\Include\dxgitype.h(15,9): warning C4005: 'DXGI_STATUS_NO_DESKTOP_ACCESS': macro redefinition
C:\Program Files (x86)\Windows Kits\10\Include\10.0.26100.0\shared\winerror.h(59309,9): note: see previous definition of 'DXGI_STATUS_NO_DESKTOP_ACCESS'
C:\Dev\security\israeliclient2.0\19\thirdparty\dxsdk\Include\dxgitype.h(16,9): warning C4005: 'DXGI_STATUS_GRAPHICS_VIDPN_SOURCE_IN_USE': macro redefinition
C:\Program Files (x86)\Windows Kits\10\Include\10.0.26100.0\shared\winerror.h(59318,9): note: see previous definition of 'DXGI_STATUS_GRAPHICS_VIDPN_SOURCE_IN_USE'
C:\Dev\security\israeliclient2.0\19\thirdparty\dxsdk\Include\dxgitype.h(17,9): warning C4005: 'DXGI_STATUS_MODE_CHANGED': macro redefinition
C:\Program Files (x86)\Windows Kits\10\Include\10.0.26100.0\shared\winerror.h(59327,9): note: see previous definition of 'DXGI_STATUS_MODE_CHANGED'
C:\Dev\security\israeliclient2.0\19\thirdparty\dxsdk\Include\dxgitype.h(18,9): warning C4005: 'DXGI_STATUS_MODE_CHANGE_IN_PROGRESS': macro redefinition
C:\Program Files (x86)\Windows Kits\10\Include\10.0.26100.0\shared\winerror.h(59336,9): note: see previous definition of 'DXGI_STATUS_MODE_CHANGE_IN_PROGRESS'
C:\Dev\security\israeliclient2.0\19\thirdparty\dxsdk\Include\dxgitype.h(21,9): warning C4005: 'DXGI_ERROR_INVALID_CALL': macro redefinition
C:\Program Files (x86)\Windows Kits\10\Include\10.0.26100.0\shared\winerror.h(59351,9): note: see previous definition of 'DXGI_ERROR_INVALID_CALL'
C:\Dev\security\israeliclient2.0\19\thirdparty\dxsdk\Include\dxgitype.h(22,9): warning C4005: 'DXGI_ERROR_NOT_FOUND': macro redefinition
C:\Program Files (x86)\Windows Kits\10\Include\10.0.26100.0\shared\winerror.h(59360,9): note: see previous definition of 'DXGI_ERROR_NOT_FOUND'
C:\Dev\security\israeliclient2.0\19\thirdparty\dxsdk\Include\dxgitype.h(23,9): warning C4005: 'DXGI_ERROR_MORE_DATA': macro redefinition
C:\Program Files (x86)\Windows Kits\10\Include\10.0.26100.0\shared\winerror.h(59369,9): note: see previous definition of 'DXGI_ERROR_MORE_DATA'
C:\Dev\security\israeliclient2.0\19\thirdparty\dxsdk\Include\dxgitype.h(24,9): warning C4005: 'DXGI_ERROR_UNSUPPORTED': macro redefinition
C:\Program Files (x86)\Windows Kits\10\Include\10.0.26100.0\shared\winerror.h(59378,9): note: see previous definition of 'DXGI_ERROR_UNSUPPORTED'
C:\Dev\security\israeliclient2.0\19\thirdparty\dxsdk\Include\dxgitype.h(25,9): warning C4005: 'DXGI_ERROR_DEVICE_REMOVED': macro redefinition
C:\Program Files (x86)\Windows Kits\10\Include\10.0.26100.0\shared\winerror.h(59387,9): note: see previous definition of 'DXGI_ERROR_DEVICE_REMOVED'
C:\Dev\security\israeliclient2.0\19\thirdparty\dxsdk\Include\dxgitype.h(26,9): warning C4005: 'DXGI_ERROR_DEVICE_HUNG': macro redefinition
C:\Program Files (x86)\Windows Kits\10\Include\10.0.26100.0\shared\winerror.h(59396,9): note: see previous definition of 'DXGI_ERROR_DEVICE_HUNG'
C:\Dev\security\israeliclient2.0\19\thirdparty\dxsdk\Include\dxgitype.h(27,9): warning C4005: 'DXGI_ERROR_DEVICE_RESET': macro redefinition
C:\Program Files (x86)\Windows Kits\10\Include\10.0.26100.0\shared\winerror.h(59406,9): note: see previous definition of 'DXGI_ERROR_DEVICE_RESET'
C:\Dev\security\israeliclient2.0\19\thirdparty\dxsdk\Include\dxgitype.h(28,9): warning C4005: 'DXGI_ERROR_WAS_STILL_DRAWING': macro redefinition
C:\Program Files (x86)\Windows Kits\10\Include\10.0.26100.0\shared\winerror.h(59415,9): note: see previous definition of 'DXGI_ERROR_WAS_STILL_DRAWING'
C:\Dev\security\israeliclient2.0\19\thirdparty\dxsdk\Include\dxgitype.h(29,9): warning C4005: 'DXGI_ERROR_FRAME_STATISTICS_DISJOINT': macro redefinition
C:\Program Files (x86)\Windows Kits\10\Include\10.0.26100.0\shared\winerror.h(59425,9): note: see previous definition of 'DXGI_ERROR_FRAME_STATISTICS_DISJOINT'
C:\Dev\security\israeliclient2.0\19\thirdparty\dxsdk\Include\dxgitype.h(30,9): warning C4005: 'DXGI_ERROR_GRAPHICS_VIDPN_SOURCE_IN_USE': macro redefinition
C:\Program Files (x86)\Windows Kits\10\Include\10.0.26100.0\shared\winerror.h(59434,9): note: see previous definition of 'DXGI_ERROR_GRAPHICS_VIDPN_SOURCE_IN_USE'
C:\Dev\security\israeliclient2.0\19\thirdparty\dxsdk\Include\dxgitype.h(31,9): warning C4005: 'DXGI_ERROR_DRIVER_INTERNAL_ERROR': macro redefinition
C:\Program Files (x86)\Windows Kits\10\Include\10.0.26100.0\shared\winerror.h(59444,9): note: see previous definition of 'DXGI_ERROR_DRIVER_INTERNAL_ERROR'
C:\Dev\security\israeliclient2.0\19\thirdparty\dxsdk\Include\dxgitype.h(32,9): warning C4005: 'DXGI_ERROR_NONEXCLUSIVE': macro redefinition
C:\Program Files (x86)\Windows Kits\10\Include\10.0.26100.0\shared\winerror.h(59453,9): note: see previous definition of 'DXGI_ERROR_NONEXCLUSIVE'
C:\Dev\security\israeliclient2.0\19\thirdparty\dxsdk\Include\dxgitype.h(33,9): warning C4005: 'DXGI_ERROR_NOT_CURRENTLY_AVAILABLE': macro redefinition
C:\Program Files (x86)\Windows Kits\10\Include\10.0.26100.0\shared\winerror.h(59462,9): note: see previous definition of 'DXGI_ERROR_NOT_CURRENTLY_AVAILABLE'
C:\Dev\security\israeliclient2.0\19\thirdparty\dxsdk\Include\dxgitype.h(34,9): warning C4005: 'DXGI_ERROR_REMOTE_CLIENT_DISCONNECTED': macro redefinition
C:\Program Files (x86)\Windows Kits\10\Include\10.0.26100.0\shared\winerror.h(59472,9): note: see previous definition of 'DXGI_ERROR_REMOTE_CLIENT_DISCONNECTED'
C:\Dev\security\israeliclient2.0\19\thirdparty\dxsdk\Include\dxgitype.h(35,9): warning C4005: 'DXGI_ERROR_REMOTE_OUTOFMEMORY': macro redefinition
C:\Program Files (x86)\Windows Kits\10\Include\10.0.26100.0\shared\winerror.h(59481,9): note: see previous definition of 'DXGI_ERROR_REMOTE_OUTOFMEMORY'
C:\Dev\security\israeliclient2.0\19\thirdparty\dxsdk\Include\d3d11.h(917,9): warning C4005: 'D3D11_ERROR_TOO_MANY_UNIQUE_STATE_OBJECTS': macro redefinition
C:\Program Files (x86)\Windows Kits\10\Include\10.0.26100.0\shared\winerror.h(59796,9): note: see previous definition of 'D3D11_ERROR_TOO_MANY_UNIQUE_STATE_OBJECTS'
C:\Dev\security\israeliclient2.0\19\thirdparty\dxsdk\Include\d3d11.h(918,9): warning C4005: 'D3D11_ERROR_FILE_NOT_FOUND': macro redefinition
C:\Program Files (x86)\Windows Kits\10\Include\10.0.26100.0\shared\winerror.h(59805,9): note: see previous definition of 'D3D11_ERROR_FILE_NOT_FOUND'
C:\Dev\security\israeliclient2.0\19\thirdparty\dxsdk\Include\d3d11.h(919,9): warning C4005: 'D3D11_ERROR_TOO_MANY_UNIQUE_VIEW_OBJECTS': macro redefinition
C:\Program Files (x86)\Windows Kits\10\Include\10.0.26100.0\shared\winerror.h(59815,9): note: see previous definition of 'D3D11_ERROR_TOO_MANY_UNIQUE_VIEW_OBJECTS'
C:\Dev\security\israeliclient2.0\19\thirdparty\dxsdk\Include\d3d11.h(920,9): warning C4005: 'D3D11_ERROR_DEFERRED_CONTEXT_MAP_WITHOUT_INITIAL_DISCARD': macro redefinition
C:\Program Files (x86)\Windows Kits\10\Include\10.0.26100.0\shared\winerror.h(59824,9): note: see previous definition of 'D3D11_ERROR_DEFERRED_CONTEXT_MAP_WITHOUT_INITIAL_DISCARD'
C:\Dev\security\israeliclient2.0\19\thirdparty\dxsdk\Include\d3d10.h(608,9): warning C4005: 'D3D10_ERROR_TOO_MANY_UNIQUE_STATE_OBJECTS': macro redefinition
C:\Program Files (x86)\Windows Kits\10\Include\10.0.26100.0\shared\winerror.h(59772,9): note: see previous definition of 'D3D10_ERROR_TOO_MANY_UNIQUE_STATE_OBJECTS'
C:\Dev\security\israeliclient2.0\19\thirdparty\dxsdk\Include\d3d10.h(609,9): warning C4005: 'D3D10_ERROR_FILE_NOT_FOUND': macro redefinition
C:\Program Files (x86)\Windows Kits\10\Include\10.0.26100.0\shared\winerror.h(59781,9): note: see previous definition of 'D3D10_ERROR_FILE_NOT_FOUND'
C:\Dev\security\israeliclient2.0\19\framework\settings\functions.h(42,31): warning C4459: declaration of 'var' hides global declaration
C:\Dev\security\israeliclient2.0\19\framework\settings\variables.h(650,20): note: see declaration of 'var'
C:\Dev\security\israeliclient2.0\19\framework\settings\functions.h(402,90): warning C4244: 'return': conversion from 'double' to 'float', possible loss of data
C:\Dev\security\israeliclient2.0\19\framework\settings\functions.h(404,52): warning C4305: 'initializing': truncation from 'double' to 'float'
C:\Dev\security\israeliclient2.0\19\framework\settings\functions.h(404,116): warning C4244: 'return': conversion from 'double' to 'float', possible loss of data
C:\Dev\security\israeliclient2.0\19\framework\data\sounds.h(1,1): warning C4828: The file contains a character starting at offset 0x29 that is illegal in the current source character set (codepage 65001).
C:\Dev\security\israeliclient2.0\19\framework\functional\esp_preview.cpp(48,34): warning C4100: 'type': unreferenced parameter
C:\Dev\security\israeliclient2.0\19\framework\functional\esp_preview.cpp(51,18): warning C4189: 'window': local variable is initialized but not referenced
keybind.cpp
C:\Dev\security\israeliclient2.0\19\thirdparty\dxsdk\Include\dxgitype.h(12,9): warning C4005: 'DXGI_STATUS_OCCLUDED': macro redefinition
C:\Program Files (x86)\Windows Kits\10\Include\10.0.26100.0\shared\winerror.h(59282,9): note: see previous definition of 'DXGI_STATUS_OCCLUDED'
C:\Dev\security\israeliclient2.0\19\thirdparty\dxsdk\Include\dxgitype.h(13,9): warning C4005: 'DXGI_STATUS_CLIPPED': macro redefinition
C:\Program Files (x86)\Windows Kits\10\Include\10.0.26100.0\shared\winerror.h(59291,9): note: see previous definition of 'DXGI_STATUS_CLIPPED'
C:\Dev\security\israeliclient2.0\19\thirdparty\dxsdk\Include\dxgitype.h(14,9): warning C4005: 'DXGI_STATUS_NO_REDIRECTION': macro redefinition
C:\Program Files (x86)\Windows Kits\10\Include\10.0.26100.0\shared\winerror.h(59300,9): note: see previous definition of 'DXGI_STATUS_NO_REDIRECTION'
C:\Dev\security\israeliclient2.0\19\thirdparty\dxsdk\Include\dxgitype.h(15,9): warning C4005: 'DXGI_STATUS_NO_DESKTOP_ACCESS': macro redefinition
C:\Program Files (x86)\Windows Kits\10\Include\10.0.26100.0\shared\winerror.h(59309,9): note: see previous definition of 'DXGI_STATUS_NO_DESKTOP_ACCESS'
C:\Dev\security\israeliclient2.0\19\thirdparty\dxsdk\Include\dxgitype.h(16,9): warning C4005: 'DXGI_STATUS_GRAPHICS_VIDPN_SOURCE_IN_USE': macro redefinition
C:\Program Files (x86)\Windows Kits\10\Include\10.0.26100.0\shared\winerror.h(59318,9): note: see previous definition of 'DXGI_STATUS_GRAPHICS_VIDPN_SOURCE_IN_USE'
C:\Dev\security\israeliclient2.0\19\thirdparty\dxsdk\Include\dxgitype.h(17,9): warning C4005: 'DXGI_STATUS_MODE_CHANGED': macro redefinition
C:\Program Files (x86)\Windows Kits\10\Include\10.0.26100.0\shared\winerror.h(59327,9): note: see previous definition of 'DXGI_STATUS_MODE_CHANGED'
C:\Dev\security\israeliclient2.0\19\thirdparty\dxsdk\Include\dxgitype.h(18,9): warning C4005: 'DXGI_STATUS_MODE_CHANGE_IN_PROGRESS': macro redefinition
C:\Program Files (x86)\Windows Kits\10\Include\10.0.26100.0\shared\winerror.h(59336,9): note: see previous definition of 'DXGI_STATUS_MODE_CHANGE_IN_PROGRESS'
C:\Dev\security\israeliclient2.0\19\thirdparty\dxsdk\Include\dxgitype.h(21,9): warning C4005: 'DXGI_ERROR_INVALID_CALL': macro redefinition
C:\Program Files (x86)\Windows Kits\10\Include\10.0.26100.0\shared\winerror.h(59351,9): note: see previous definition of 'DXGI_ERROR_INVALID_CALL'
C:\Dev\security\israeliclient2.0\19\thirdparty\dxsdk\Include\dxgitype.h(22,9): warning C4005: 'DXGI_ERROR_NOT_FOUND': macro redefinition
C:\Program Files (x86)\Windows Kits\10\Include\10.0.26100.0\shared\winerror.h(59360,9): note: see previous definition of 'DXGI_ERROR_NOT_FOUND'
C:\Dev\security\israeliclient2.0\19\thirdparty\dxsdk\Include\dxgitype.h(23,9): warning C4005: 'DXGI_ERROR_MORE_DATA': macro redefinition
C:\Program Files (x86)\Windows Kits\10\Include\10.0.26100.0\shared\winerror.h(59369,9): note: see previous definition of 'DXGI_ERROR_MORE_DATA'
C:\Dev\security\israeliclient2.0\19\thirdparty\dxsdk\Include\dxgitype.h(24,9): warning C4005: 'DXGI_ERROR_UNSUPPORTED': macro redefinition
C:\Program Files (x86)\Windows Kits\10\Include\10.0.26100.0\shared\winerror.h(59378,9): note: see previous definition of 'DXGI_ERROR_UNSUPPORTED'
C:\Dev\security\israeliclient2.0\19\thirdparty\dxsdk\Include\dxgitype.h(25,9): warning C4005: 'DXGI_ERROR_DEVICE_REMOVED': macro redefinition
C:\Program Files (x86)\Windows Kits\10\Include\10.0.26100.0\shared\winerror.h(59387,9): note: see previous definition of 'DXGI_ERROR_DEVICE_REMOVED'
C:\Dev\security\israeliclient2.0\19\thirdparty\dxsdk\Include\dxgitype.h(26,9): warning C4005: 'DXGI_ERROR_DEVICE_HUNG': macro redefinition
C:\Program Files (x86)\Windows Kits\10\Include\10.0.26100.0\shared\winerror.h(59396,9): note: see previous definition of 'DXGI_ERROR_DEVICE_HUNG'
C:\Dev\security\israeliclient2.0\19\thirdparty\dxsdk\Include\dxgitype.h(27,9): warning C4005: 'DXGI_ERROR_DEVICE_RESET': macro redefinition
C:\Program Files (x86)\Windows Kits\10\Include\10.0.26100.0\shared\winerror.h(59406,9): note: see previous definition of 'DXGI_ERROR_DEVICE_RESET'
C:\Dev\security\israeliclient2.0\19\thirdparty\dxsdk\Include\dxgitype.h(28,9): warning C4005: 'DXGI_ERROR_WAS_STILL_DRAWING': macro redefinition
C:\Program Files (x86)\Windows Kits\10\Include\10.0.26100.0\shared\winerror.h(59415,9): note: see previous definition of 'DXGI_ERROR_WAS_STILL_DRAWING'
C:\Dev\security\israeliclient2.0\19\thirdparty\dxsdk\Include\dxgitype.h(29,9): warning C4005: 'DXGI_ERROR_FRAME_STATISTICS_DISJOINT': macro redefinition
C:\Program Files (x86)\Windows Kits\10\Include\10.0.26100.0\shared\winerror.h(59425,9): note: see previous definition of 'DXGI_ERROR_FRAME_STATISTICS_DISJOINT'
C:\Dev\security\israeliclient2.0\19\thirdparty\dxsdk\Include\dxgitype.h(30,9): warning C4005: 'DXGI_ERROR_GRAPHICS_VIDPN_SOURCE_IN_USE': macro redefinition
C:\Program Files (x86)\Windows Kits\10\Include\10.0.26100.0\shared\winerror.h(59434,9): note: see previous definition of 'DXGI_ERROR_GRAPHICS_VIDPN_SOURCE_IN_USE'
C:\Dev\security\israeliclient2.0\19\thirdparty\dxsdk\Include\dxgitype.h(31,9): warning C4005: 'DXGI_ERROR_DRIVER_INTERNAL_ERROR': macro redefinition
C:\Program Files (x86)\Windows Kits\10\Include\10.0.26100.0\shared\winerror.h(59444,9): note: see previous definition of 'DXGI_ERROR_DRIVER_INTERNAL_ERROR'
C:\Dev\security\israeliclient2.0\19\thirdparty\dxsdk\Include\dxgitype.h(32,9): warning C4005: 'DXGI_ERROR_NONEXCLUSIVE': macro redefinition
C:\Program Files (x86)\Windows Kits\10\Include\10.0.26100.0\shared\winerror.h(59453,9): note: see previous definition of 'DXGI_ERROR_NONEXCLUSIVE'
C:\Dev\security\israeliclient2.0\19\thirdparty\dxsdk\Include\dxgitype.h(33,9): warning C4005: 'DXGI_ERROR_NOT_CURRENTLY_AVAILABLE': macro redefinition
C:\Program Files (x86)\Windows Kits\10\Include\10.0.26100.0\shared\winerror.h(59462,9): note: see previous definition of 'DXGI_ERROR_NOT_CURRENTLY_AVAILABLE'
C:\Dev\security\israeliclient2.0\19\thirdparty\dxsdk\Include\dxgitype.h(34,9): warning C4005: 'DXGI_ERROR_REMOTE_CLIENT_DISCONNECTED': macro redefinition
C:\Program Files (x86)\Windows Kits\10\Include\10.0.26100.0\shared\winerror.h(59472,9): note: see previous definition of 'DXGI_ERROR_REMOTE_CLIENT_DISCONNECTED'
C:\Dev\security\israeliclient2.0\19\thirdparty\dxsdk\Include\dxgitype.h(35,9): warning C4005: 'DXGI_ERROR_REMOTE_OUTOFMEMORY': macro redefinition
C:\Program Files (x86)\Windows Kits\10\Include\10.0.26100.0\shared\winerror.h(59481,9): note: see previous definition of 'DXGI_ERROR_REMOTE_OUTOFMEMORY'
C:\Dev\security\israeliclient2.0\19\thirdparty\dxsdk\Include\d3d11.h(917,9): warning C4005: 'D3D11_ERROR_TOO_MANY_UNIQUE_STATE_OBJECTS': macro redefinition
C:\Program Files (x86)\Windows Kits\10\Include\10.0.26100.0\shared\winerror.h(59796,9): note: see previous definition of 'D3D11_ERROR_TOO_MANY_UNIQUE_STATE_OBJECTS'
C:\Dev\security\israeliclient2.0\19\thirdparty\dxsdk\Include\d3d11.h(918,9): warning C4005: 'D3D11_ERROR_FILE_NOT_FOUND': macro redefinition
C:\Program Files (x86)\Windows Kits\10\Include\10.0.26100.0\shared\winerror.h(59805,9): note: see previous definition of 'D3D11_ERROR_FILE_NOT_FOUND'
C:\Dev\security\israeliclient2.0\19\thirdparty\dxsdk\Include\d3d11.h(919,9): warning C4005: 'D3D11_ERROR_TOO_MANY_UNIQUE_VIEW_OBJECTS': macro redefinition
C:\Program Files (x86)\Windows Kits\10\Include\10.0.26100.0\shared\winerror.h(59815,9): note: see previous definition of 'D3D11_ERROR_TOO_MANY_UNIQUE_VIEW_OBJECTS'
C:\Dev\security\israeliclient2.0\19\thirdparty\dxsdk\Include\d3d11.h(920,9): warning C4005: 'D3D11_ERROR_DEFERRED_CONTEXT_MAP_WITHOUT_INITIAL_DISCARD': macro redefinition
C:\Program Files (x86)\Windows Kits\10\Include\10.0.26100.0\shared\winerror.h(59824,9): note: see previous definition of 'D3D11_ERROR_DEFERRED_CONTEXT_MAP_WITHOUT_INITIAL_DISCARD'
C:\Dev\security\israeliclient2.0\19\thirdparty\dxsdk\Include\d3d10.h(608,9): warning C4005: 'D3D10_ERROR_TOO_MANY_UNIQUE_STATE_OBJECTS': macro redefinition
C:\Program Files (x86)\Windows Kits\10\Include\10.0.26100.0\shared\winerror.h(59772,9): note: see previous definition of 'D3D10_ERROR_TOO_MANY_UNIQUE_STATE_OBJECTS'
C:\Dev\security\israeliclient2.0\19\thirdparty\dxsdk\Include\d3d10.h(609,9): warning C4005: 'D3D10_ERROR_FILE_NOT_FOUND': macro redefinition
C:\Program Files (x86)\Windows Kits\10\Include\10.0.26100.0\shared\winerror.h(59781,9): note: see previous definition of 'D3D10_ERROR_FILE_NOT_FOUND'
C:\Dev\security\israeliclient2.0\19\framework\settings\functions.h(42,31): warning C4459: declaration of 'var' hides global declaration
C:\Dev\security\israeliclient2.0\19\framework\settings\variables.h(650,20): note: see declaration of 'var'
C:\Dev\security\israeliclient2.0\19\framework\settings\functions.h(402,90): warning C4244: 'return': conversion from 'double' to 'float', possible loss of data
C:\Dev\security\israeliclient2.0\19\framework\settings\functions.h(404,52): warning C4305: 'initializing': truncation from 'double' to 'float'
C:\Dev\security\israeliclient2.0\19\framework\settings\functions.h(404,116): warning C4244: 'return': conversion from 'double' to 'float', possible loss of data
C:\Dev\security\israeliclient2.0\19\framework\data\sounds.h(1,1): warning C4828: The file contains a character starting at offset 0x29 that is illegal in the current source character set (codepage 65001).
C:\Dev\security\israeliclient2.0\19\framework\functional\keybind.cpp(187,23): warning C4189: 'style': local variable is initialized but not referenced
C:\Dev\security\israeliclient2.0\19\framework\functional\keybind.cpp(303,17): warning C4189: 'label_size': local variable is initialized but not referenced
C:\Dev\security\israeliclient2.0\19\framework\functional\keybind.cpp(300,23): warning C4189: 'style': local variable is initialized but not referenced
lua.cpp
C:\Dev\security\israeliclient2.0\19\thirdparty\dxsdk\Include\dxgitype.h(12,9): warning C4005: 'DXGI_STATUS_OCCLUDED': macro redefinition
C:\Program Files (x86)\Windows Kits\10\Include\10.0.26100.0\shared\winerror.h(59282,9): note: see previous definition of 'DXGI_STATUS_OCCLUDED'
C:\Dev\security\israeliclient2.0\19\thirdparty\dxsdk\Include\dxgitype.h(13,9): warning C4005: 'DXGI_STATUS_CLIPPED': macro redefinition
C:\Program Files (x86)\Windows Kits\10\Include\10.0.26100.0\shared\winerror.h(59291,9): note: see previous definition of 'DXGI_STATUS_CLIPPED'
C:\Dev\security\israeliclient2.0\19\thirdparty\dxsdk\Include\dxgitype.h(14,9): warning C4005: 'DXGI_STATUS_NO_REDIRECTION': macro redefinition
C:\Program Files (x86)\Windows Kits\10\Include\10.0.26100.0\shared\winerror.h(59300,9): note: see previous definition of 'DXGI_STATUS_NO_REDIRECTION'
C:\Dev\security\israeliclient2.0\19\thirdparty\dxsdk\Include\dxgitype.h(15,9): warning C4005: 'DXGI_STATUS_NO_DESKTOP_ACCESS': macro redefinition
C:\Program Files (x86)\Windows Kits\10\Include\10.0.26100.0\shared\winerror.h(59309,9): note: see previous definition of 'DXGI_STATUS_NO_DESKTOP_ACCESS'
C:\Dev\security\israeliclient2.0\19\thirdparty\dxsdk\Include\dxgitype.h(16,9): warning C4005: 'DXGI_STATUS_GRAPHICS_VIDPN_SOURCE_IN_USE': macro redefinition
C:\Program Files (x86)\Windows Kits\10\Include\10.0.26100.0\shared\winerror.h(59318,9): note: see previous definition of 'DXGI_STATUS_GRAPHICS_VIDPN_SOURCE_IN_USE'
C:\Dev\security\israeliclient2.0\19\thirdparty\dxsdk\Include\dxgitype.h(17,9): warning C4005: 'DXGI_STATUS_MODE_CHANGED': macro redefinition
C:\Program Files (x86)\Windows Kits\10\Include\10.0.26100.0\shared\winerror.h(59327,9): note: see previous definition of 'DXGI_STATUS_MODE_CHANGED'
C:\Dev\security\israeliclient2.0\19\thirdparty\dxsdk\Include\dxgitype.h(18,9): warning C4005: 'DXGI_STATUS_MODE_CHANGE_IN_PROGRESS': macro redefinition
C:\Program Files (x86)\Windows Kits\10\Include\10.0.26100.0\shared\winerror.h(59336,9): note: see previous definition of 'DXGI_STATUS_MODE_CHANGE_IN_PROGRESS'
C:\Dev\security\israeliclient2.0\19\thirdparty\dxsdk\Include\dxgitype.h(21,9): warning C4005: 'DXGI_ERROR_INVALID_CALL': macro redefinition
C:\Program Files (x86)\Windows Kits\10\Include\10.0.26100.0\shared\winerror.h(59351,9): note: see previous definition of 'DXGI_ERROR_INVALID_CALL'
C:\Dev\security\israeliclient2.0\19\thirdparty\dxsdk\Include\dxgitype.h(22,9): warning C4005: 'DXGI_ERROR_NOT_FOUND': macro redefinition
C:\Program Files (x86)\Windows Kits\10\Include\10.0.26100.0\shared\winerror.h(59360,9): note: see previous definition of 'DXGI_ERROR_NOT_FOUND'
C:\Dev\security\israeliclient2.0\19\thirdparty\dxsdk\Include\dxgitype.h(23,9): warning C4005: 'DXGI_ERROR_MORE_DATA': macro redefinition
C:\Program Files (x86)\Windows Kits\10\Include\10.0.26100.0\shared\winerror.h(59369,9): note: see previous definition of 'DXGI_ERROR_MORE_DATA'
C:\Dev\security\israeliclient2.0\19\thirdparty\dxsdk\Include\dxgitype.h(24,9): warning C4005: 'DXGI_ERROR_UNSUPPORTED': macro redefinition
C:\Program Files (x86)\Windows Kits\10\Include\10.0.26100.0\shared\winerror.h(59378,9): note: see previous definition of 'DXGI_ERROR_UNSUPPORTED'
C:\Dev\security\israeliclient2.0\19\thirdparty\dxsdk\Include\dxgitype.h(25,9): warning C4005: 'DXGI_ERROR_DEVICE_REMOVED': macro redefinition
C:\Program Files (x86)\Windows Kits\10\Include\10.0.26100.0\shared\winerror.h(59387,9): note: see previous definition of 'DXGI_ERROR_DEVICE_REMOVED'
C:\Dev\security\israeliclient2.0\19\thirdparty\dxsdk\Include\dxgitype.h(26,9): warning C4005: 'DXGI_ERROR_DEVICE_HUNG': macro redefinition
C:\Program Files (x86)\Windows Kits\10\Include\10.0.26100.0\shared\winerror.h(59396,9): note: see previous definition of 'DXGI_ERROR_DEVICE_HUNG'
C:\Dev\security\israeliclient2.0\19\thirdparty\dxsdk\Include\dxgitype.h(27,9): warning C4005: 'DXGI_ERROR_DEVICE_RESET': macro redefinition
C:\Program Files (x86)\Windows Kits\10\Include\10.0.26100.0\shared\winerror.h(59406,9): note: see previous definition of 'DXGI_ERROR_DEVICE_RESET'
C:\Dev\security\israeliclient2.0\19\thirdparty\dxsdk\Include\dxgitype.h(28,9): warning C4005: 'DXGI_ERROR_WAS_STILL_DRAWING': macro redefinition
C:\Program Files (x86)\Windows Kits\10\Include\10.0.26100.0\shared\winerror.h(59415,9): note: see previous definition of 'DXGI_ERROR_WAS_STILL_DRAWING'
C:\Dev\security\israeliclient2.0\19\thirdparty\dxsdk\Include\dxgitype.h(29,9): warning C4005: 'DXGI_ERROR_FRAME_STATISTICS_DISJOINT': macro redefinition
C:\Program Files (x86)\Windows Kits\10\Include\10.0.26100.0\shared\winerror.h(59425,9): note: see previous definition of 'DXGI_ERROR_FRAME_STATISTICS_DISJOINT'
C:\Dev\security\israeliclient2.0\19\thirdparty\dxsdk\Include\dxgitype.h(30,9): warning C4005: 'DXGI_ERROR_GRAPHICS_VIDPN_SOURCE_IN_USE': macro redefinition
C:\Program Files (x86)\Windows Kits\10\Include\10.0.26100.0\shared\winerror.h(59434,9): note: see previous definition of 'DXGI_ERROR_GRAPHICS_VIDPN_SOURCE_IN_USE'
C:\Dev\security\israeliclient2.0\19\thirdparty\dxsdk\Include\dxgitype.h(31,9): warning C4005: 'DXGI_ERROR_DRIVER_INTERNAL_ERROR': macro redefinition
C:\Program Files (x86)\Windows Kits\10\Include\10.0.26100.0\shared\winerror.h(59444,9): note: see previous definition of 'DXGI_ERROR_DRIVER_INTERNAL_ERROR'
C:\Dev\security\israeliclient2.0\19\thirdparty\dxsdk\Include\dxgitype.h(32,9): warning C4005: 'DXGI_ERROR_NONEXCLUSIVE': macro redefinition
C:\Program Files (x86)\Windows Kits\10\Include\10.0.26100.0\shared\winerror.h(59453,9): note: see previous definition of 'DXGI_ERROR_NONEXCLUSIVE'
C:\Dev\security\israeliclient2.0\19\thirdparty\dxsdk\Include\dxgitype.h(33,9): warning C4005: 'DXGI_ERROR_NOT_CURRENTLY_AVAILABLE': macro redefinition
C:\Program Files (x86)\Windows Kits\10\Include\10.0.26100.0\shared\winerror.h(59462,9): note: see previous definition of 'DXGI_ERROR_NOT_CURRENTLY_AVAILABLE'
C:\Dev\security\israeliclient2.0\19\thirdparty\dxsdk\Include\dxgitype.h(34,9): warning C4005: 'DXGI_ERROR_REMOTE_CLIENT_DISCONNECTED': macro redefinition
C:\Program Files (x86)\Windows Kits\10\Include\10.0.26100.0\shared\winerror.h(59472,9): note: see previous definition of 'DXGI_ERROR_REMOTE_CLIENT_DISCONNECTED'
C:\Dev\security\israeliclient2.0\19\thirdparty\dxsdk\Include\dxgitype.h(35,9): warning C4005: 'DXGI_ERROR_REMOTE_OUTOFMEMORY': macro redefinition
C:\Program Files (x86)\Windows Kits\10\Include\10.0.26100.0\shared\winerror.h(59481,9): note: see previous definition of 'DXGI_ERROR_REMOTE_OUTOFMEMORY'
C:\Dev\security\israeliclient2.0\19\thirdparty\dxsdk\Include\d3d11.h(917,9): warning C4005: 'D3D11_ERROR_TOO_MANY_UNIQUE_STATE_OBJECTS': macro redefinition
C:\Program Files (x86)\Windows Kits\10\Include\10.0.26100.0\shared\winerror.h(59796,9): note: see previous definition of 'D3D11_ERROR_TOO_MANY_UNIQUE_STATE_OBJECTS'
C:\Dev\security\israeliclient2.0\19\thirdparty\dxsdk\Include\d3d11.h(918,9): warning C4005: 'D3D11_ERROR_FILE_NOT_FOUND': macro redefinition
C:\Program Files (x86)\Windows Kits\10\Include\10.0.26100.0\shared\winerror.h(59805,9): note: see previous definition of 'D3D11_ERROR_FILE_NOT_FOUND'
C:\Dev\security\israeliclient2.0\19\thirdparty\dxsdk\Include\d3d11.h(919,9): warning C4005: 'D3D11_ERROR_TOO_MANY_UNIQUE_VIEW_OBJECTS': macro redefinition
C:\Program Files (x86)\Windows Kits\10\Include\10.0.26100.0\shared\winerror.h(59815,9): note: see previous definition of 'D3D11_ERROR_TOO_MANY_UNIQUE_VIEW_OBJECTS'
C:\Dev\security\israeliclient2.0\19\thirdparty\dxsdk\Include\d3d11.h(920,9): warning C4005: 'D3D11_ERROR_DEFERRED_CONTEXT_MAP_WITHOUT_INITIAL_DISCARD': macro redefinition
C:\Program Files (x86)\Windows Kits\10\Include\10.0.26100.0\shared\winerror.h(59824,9): note: see previous definition of 'D3D11_ERROR_DEFERRED_CONTEXT_MAP_WITHOUT_INITIAL_DISCARD'
C:\Dev\security\israeliclient2.0\19\thirdparty\dxsdk\Include\d3d10.h(608,9): warning C4005: 'D3D10_ERROR_TOO_MANY_UNIQUE_STATE_OBJECTS': macro redefinition
C:\Program Files (x86)\Windows Kits\10\Include\10.0.26100.0\shared\winerror.h(59772,9): note: see previous definition of 'D3D10_ERROR_TOO_MANY_UNIQUE_STATE_OBJECTS'
C:\Dev\security\israeliclient2.0\19\thirdparty\dxsdk\Include\d3d10.h(609,9): warning C4005: 'D3D10_ERROR_FILE_NOT_FOUND': macro redefinition
C:\Program Files (x86)\Windows Kits\10\Include\10.0.26100.0\shared\winerror.h(59781,9): note: see previous definition of 'D3D10_ERROR_FILE_NOT_FOUND'
C:\Dev\security\israeliclient2.0\19\framework\settings\functions.h(42,31): warning C4459: declaration of 'var' hides global declaration
C:\Dev\security\israeliclient2.0\19\framework\settings\variables.h(650,20): note: see declaration of 'var'
C:\Dev\security\israeliclient2.0\19\framework\settings\functions.h(402,90): warning C4244: 'return': conversion from 'double' to 'float', possible loss of data
C:\Dev\security\israeliclient2.0\19\framework\settings\functions.h(404,52): warning C4305: 'initializing': truncation from 'double' to 'float'
C:\Dev\security\israeliclient2.0\19\framework\settings\functions.h(404,116): warning C4244: 'return': conversion from 'double' to 'float', possible loss of data
C:\Dev\security\israeliclient2.0\19\framework\data\sounds.h(1,1): warning C4828: The file contains a character starting at offset 0x29 that is illegal in the current source character set (codepage 65001).
C:\Dev\security\israeliclient2.0\19\framework\functional\lua.cpp(7,23): warning C4189: 'style': local variable is initialized but not referenced
C:\Dev\security\israeliclient2.0\19\framework\functional\lua.cpp(39,23): warning C4189: 'style': local variable is initialized but not referenced
C:\Dev\security\israeliclient2.0\19\framework\functional\lua.cpp(67,23): warning C4189: 'style': local variable is initialized but not referenced
notifications.cpp
C:\Dev\security\israeliclient2.0\19\thirdparty\dxsdk\Include\dxgitype.h(12,9): warning C4005: 'DXGI_STATUS_OCCLUDED': macro redefinition
C:\Program Files (x86)\Windows Kits\10\Include\10.0.26100.0\shared\winerror.h(59282,9): note: see previous definition of 'DXGI_STATUS_OCCLUDED'
C:\Dev\security\israeliclient2.0\19\thirdparty\dxsdk\Include\dxgitype.h(13,9): warning C4005: 'DXGI_STATUS_CLIPPED': macro redefinition
C:\Program Files (x86)\Windows Kits\10\Include\10.0.26100.0\shared\winerror.h(59291,9): note: see previous definition of 'DXGI_STATUS_CLIPPED'
C:\Dev\security\israeliclient2.0\19\thirdparty\dxsdk\Include\dxgitype.h(14,9): warning C4005: 'DXGI_STATUS_NO_REDIRECTION': macro redefinition
C:\Program Files (x86)\Windows Kits\10\Include\10.0.26100.0\shared\winerror.h(59300,9): note: see previous definition of 'DXGI_STATUS_NO_REDIRECTION'
C:\Dev\security\israeliclient2.0\19\thirdparty\dxsdk\Include\dxgitype.h(15,9): warning C4005: 'DXGI_STATUS_NO_DESKTOP_ACCESS': macro redefinition
C:\Program Files (x86)\Windows Kits\10\Include\10.0.26100.0\shared\winerror.h(59309,9): note: see previous definition of 'DXGI_STATUS_NO_DESKTOP_ACCESS'
C:\Dev\security\israeliclient2.0\19\thirdparty\dxsdk\Include\dxgitype.h(16,9): warning C4005: 'DXGI_STATUS_GRAPHICS_VIDPN_SOURCE_IN_USE': macro redefinition
C:\Program Files (x86)\Windows Kits\10\Include\10.0.26100.0\shared\winerror.h(59318,9): note: see previous definition of 'DXGI_STATUS_GRAPHICS_VIDPN_SOURCE_IN_USE'
C:\Dev\security\israeliclient2.0\19\thirdparty\dxsdk\Include\dxgitype.h(17,9): warning C4005: 'DXGI_STATUS_MODE_CHANGED': macro redefinition
C:\Program Files (x86)\Windows Kits\10\Include\10.0.26100.0\shared\winerror.h(59327,9): note: see previous definition of 'DXGI_STATUS_MODE_CHANGED'
C:\Dev\security\israeliclient2.0\19\thirdparty\dxsdk\Include\dxgitype.h(18,9): warning C4005: 'DXGI_STATUS_MODE_CHANGE_IN_PROGRESS': macro redefinition
C:\Program Files (x86)\Windows Kits\10\Include\10.0.26100.0\shared\winerror.h(59336,9): note: see previous definition of 'DXGI_STATUS_MODE_CHANGE_IN_PROGRESS'
C:\Dev\security\israeliclient2.0\19\thirdparty\dxsdk\Include\dxgitype.h(21,9): warning C4005: 'DXGI_ERROR_INVALID_CALL': macro redefinition
C:\Program Files (x86)\Windows Kits\10\Include\10.0.26100.0\shared\winerror.h(59351,9): note: see previous definition of 'DXGI_ERROR_INVALID_CALL'
C:\Dev\security\israeliclient2.0\19\thirdparty\dxsdk\Include\dxgitype.h(22,9): warning C4005: 'DXGI_ERROR_NOT_FOUND': macro redefinition
C:\Program Files (x86)\Windows Kits\10\Include\10.0.26100.0\shared\winerror.h(59360,9): note: see previous definition of 'DXGI_ERROR_NOT_FOUND'
C:\Dev\security\israeliclient2.0\19\thirdparty\dxsdk\Include\dxgitype.h(23,9): warning C4005: 'DXGI_ERROR_MORE_DATA': macro redefinition
C:\Program Files (x86)\Windows Kits\10\Include\10.0.26100.0\shared\winerror.h(59369,9): note: see previous definition of 'DXGI_ERROR_MORE_DATA'
C:\Dev\security\israeliclient2.0\19\thirdparty\dxsdk\Include\dxgitype.h(24,9): warning C4005: 'DXGI_ERROR_UNSUPPORTED': macro redefinition
C:\Program Files (x86)\Windows Kits\10\Include\10.0.26100.0\shared\winerror.h(59378,9): note: see previous definition of 'DXGI_ERROR_UNSUPPORTED'
C:\Dev\security\israeliclient2.0\19\thirdparty\dxsdk\Include\dxgitype.h(25,9): warning C4005: 'DXGI_ERROR_DEVICE_REMOVED': macro redefinition
C:\Program Files (x86)\Windows Kits\10\Include\10.0.26100.0\shared\winerror.h(59387,9): note: see previous definition of 'DXGI_ERROR_DEVICE_REMOVED'
C:\Dev\security\israeliclient2.0\19\thirdparty\dxsdk\Include\dxgitype.h(26,9): warning C4005: 'DXGI_ERROR_DEVICE_HUNG': macro redefinition
C:\Program Files (x86)\Windows Kits\10\Include\10.0.26100.0\shared\winerror.h(59396,9): note: see previous definition of 'DXGI_ERROR_DEVICE_HUNG'
C:\Dev\security\israeliclient2.0\19\thirdparty\dxsdk\Include\dxgitype.h(27,9): warning C4005: 'DXGI_ERROR_DEVICE_RESET': macro redefinition
C:\Program Files (x86)\Windows Kits\10\Include\10.0.26100.0\shared\winerror.h(59406,9): note: see previous definition of 'DXGI_ERROR_DEVICE_RESET'
C:\Dev\security\israeliclient2.0\19\thirdparty\dxsdk\Include\dxgitype.h(28,9): warning C4005: 'DXGI_ERROR_WAS_STILL_DRAWING': macro redefinition
C:\Program Files (x86)\Windows Kits\10\Include\10.0.26100.0\shared\winerror.h(59415,9): note: see previous definition of 'DXGI_ERROR_WAS_STILL_DRAWING'
C:\Dev\security\israeliclient2.0\19\thirdparty\dxsdk\Include\dxgitype.h(29,9): warning C4005: 'DXGI_ERROR_FRAME_STATISTICS_DISJOINT': macro redefinition
C:\Program Files (x86)\Windows Kits\10\Include\10.0.26100.0\shared\winerror.h(59425,9): note: see previous definition of 'DXGI_ERROR_FRAME_STATISTICS_DISJOINT'
C:\Dev\security\israeliclient2.0\19\thirdparty\dxsdk\Include\dxgitype.h(30,9): warning C4005: 'DXGI_ERROR_GRAPHICS_VIDPN_SOURCE_IN_USE': macro redefinition
C:\Program Files (x86)\Windows Kits\10\Include\10.0.26100.0\shared\winerror.h(59434,9): note: see previous definition of 'DXGI_ERROR_GRAPHICS_VIDPN_SOURCE_IN_USE'
C:\Dev\security\israeliclient2.0\19\thirdparty\dxsdk\Include\dxgitype.h(31,9): warning C4005: 'DXGI_ERROR_DRIVER_INTERNAL_ERROR': macro redefinition
C:\Program Files (x86)\Windows Kits\10\Include\10.0.26100.0\shared\winerror.h(59444,9): note: see previous definition of 'DXGI_ERROR_DRIVER_INTERNAL_ERROR'
C:\Dev\security\israeliclient2.0\19\thirdparty\dxsdk\Include\dxgitype.h(32,9): warning C4005: 'DXGI_ERROR_NONEXCLUSIVE': macro redefinition
C:\Program Files (x86)\Windows Kits\10\Include\10.0.26100.0\shared\winerror.h(59453,9): note: see previous definition of 'DXGI_ERROR_NONEXCLUSIVE'
C:\Dev\security\israeliclient2.0\19\thirdparty\dxsdk\Include\dxgitype.h(33,9): warning C4005: 'DXGI_ERROR_NOT_CURRENTLY_AVAILABLE': macro redefinition
C:\Program Files (x86)\Windows Kits\10\Include\10.0.26100.0\shared\winerror.h(59462,9): note: see previous definition of 'DXGI_ERROR_NOT_CURRENTLY_AVAILABLE'
C:\Dev\security\israeliclient2.0\19\thirdparty\dxsdk\Include\dxgitype.h(34,9): warning C4005: 'DXGI_ERROR_REMOTE_CLIENT_DISCONNECTED': macro redefinition
C:\Program Files (x86)\Windows Kits\10\Include\10.0.26100.0\shared\winerror.h(59472,9): note: see previous definition of 'DXGI_ERROR_REMOTE_CLIENT_DISCONNECTED'
C:\Dev\security\israeliclient2.0\19\thirdparty\dxsdk\Include\dxgitype.h(35,9): warning C4005: 'DXGI_ERROR_REMOTE_OUTOFMEMORY': macro redefinition
C:\Program Files (x86)\Windows Kits\10\Include\10.0.26100.0\shared\winerror.h(59481,9): note: see previous definition of 'DXGI_ERROR_REMOTE_OUTOFMEMORY'
C:\Dev\security\israeliclient2.0\19\thirdparty\dxsdk\Include\d3d11.h(917,9): warning C4005: 'D3D11_ERROR_TOO_MANY_UNIQUE_STATE_OBJECTS': macro redefinition
C:\Program Files (x86)\Windows Kits\10\Include\10.0.26100.0\shared\winerror.h(59796,9): note: see previous definition of 'D3D11_ERROR_TOO_MANY_UNIQUE_STATE_OBJECTS'
C:\Dev\security\israeliclient2.0\19\thirdparty\dxsdk\Include\d3d11.h(918,9): warning C4005: 'D3D11_ERROR_FILE_NOT_FOUND': macro redefinition
C:\Program Files (x86)\Windows Kits\10\Include\10.0.26100.0\shared\winerror.h(59805,9): note: see previous definition of 'D3D11_ERROR_FILE_NOT_FOUND'
C:\Dev\security\israeliclient2.0\19\thirdparty\dxsdk\Include\d3d11.h(919,9): warning C4005: 'D3D11_ERROR_TOO_MANY_UNIQUE_VIEW_OBJECTS': macro redefinition
C:\Program Files (x86)\Windows Kits\10\Include\10.0.26100.0\shared\winerror.h(59815,9): note: see previous definition of 'D3D11_ERROR_TOO_MANY_UNIQUE_VIEW_OBJECTS'
C:\Dev\security\israeliclient2.0\19\thirdparty\dxsdk\Include\d3d11.h(920,9): warning C4005: 'D3D11_ERROR_DEFERRED_CONTEXT_MAP_WITHOUT_INITIAL_DISCARD': macro redefinition
C:\Program Files (x86)\Windows Kits\10\Include\10.0.26100.0\shared\winerror.h(59824,9): note: see previous definition of 'D3D11_ERROR_DEFERRED_CONTEXT_MAP_WITHOUT_INITIAL_DISCARD'
C:\Dev\security\israeliclient2.0\19\thirdparty\dxsdk\Include\d3d10.h(608,9): warning C4005: 'D3D10_ERROR_TOO_MANY_UNIQUE_STATE_OBJECTS': macro redefinition
C:\Program Files (x86)\Windows Kits\10\Include\10.0.26100.0\shared\winerror.h(59772,9): note: see previous definition of 'D3D10_ERROR_TOO_MANY_UNIQUE_STATE_OBJECTS'
C:\Dev\security\israeliclient2.0\19\thirdparty\dxsdk\Include\d3d10.h(609,9): warning C4005: 'D3D10_ERROR_FILE_NOT_FOUND': macro redefinition
C:\Program Files (x86)\Windows Kits\10\Include\10.0.26100.0\shared\winerror.h(59781,9): note: see previous definition of 'D3D10_ERROR_FILE_NOT_FOUND'
C:\Dev\security\israeliclient2.0\19\framework\settings\functions.h(42,31): warning C4459: declaration of 'var' hides global declaration
C:\Dev\security\israeliclient2.0\19\framework\settings\variables.h(650,20): note: see declaration of 'var'
C:\Dev\security\israeliclient2.0\19\framework\settings\functions.h(402,90): warning C4244: 'return': conversion from 'double' to 'float', possible loss of data
C:\Dev\security\israeliclient2.0\19\framework\settings\functions.h(404,52): warning C4305: 'initializing': truncation from 'double' to 'float'
C:\Dev\security\israeliclient2.0\19\framework\settings\functions.h(404,116): warning C4244: 'return': conversion from 'double' to 'float', possible loss of data
C:\Dev\security\israeliclient2.0\19\framework\data\sounds.h(1,1): warning C4828: The file contains a character starting at offset 0x29 that is illegal in the current source character set (codepage 65001).
C:\Dev\security\israeliclient2.0\19\framework\functional\notifications.cpp(38,19): warning C4244: 'initializing': conversion from 'float' to 'int', possible loss of data
C:\Dev\security\israeliclient2.0\19\framework\functional\notifications.cpp(39,19): warning C4244: 'initializing': conversion from 'float' to 'int', possible loss of data
C:\Dev\security\israeliclient2.0\19\framework\functional\notifications.cpp(49,58): warning C4244: 'argument': conversion from 'int' to 'float', possible loss of data
C:\Dev\security\israeliclient2.0\19\framework\functional\notifications.cpp(52,111): warning C4244: 'argument': conversion from 'int' to 'float', possible loss of data
C:\Dev\security\israeliclient2.0\19\framework\functional\notifications.cpp(73,22): warning C4456: declaration of 'position' hides previous local declaration
C:\Dev\security\israeliclient2.0\19\framework\functional\notifications.cpp(45,12): note: see declaration of 'position'
selection.cpp
C:\Dev\security\israeliclient2.0\19\thirdparty\dxsdk\Include\dxgitype.h(12,9): warning C4005: 'DXGI_STATUS_OCCLUDED': macro redefinition
C:\Program Files (x86)\Windows Kits\10\Include\10.0.26100.0\shared\winerror.h(59282,9): note: see previous definition of 'DXGI_STATUS_OCCLUDED'
C:\Dev\security\israeliclient2.0\19\thirdparty\dxsdk\Include\dxgitype.h(13,9): warning C4005: 'DXGI_STATUS_CLIPPED': macro redefinition
C:\Program Files (x86)\Windows Kits\10\Include\10.0.26100.0\shared\winerror.h(59291,9): note: see previous definition of 'DXGI_STATUS_CLIPPED'
C:\Dev\security\israeliclient2.0\19\thirdparty\dxsdk\Include\dxgitype.h(14,9): warning C4005: 'DXGI_STATUS_NO_REDIRECTION': macro redefinition
C:\Program Files (x86)\Windows Kits\10\Include\10.0.26100.0\shared\winerror.h(59300,9): note: see previous definition of 'DXGI_STATUS_NO_REDIRECTION'
C:\Dev\security\israeliclient2.0\19\thirdparty\dxsdk\Include\dxgitype.h(15,9): warning C4005: 'DXGI_STATUS_NO_DESKTOP_ACCESS': macro redefinition
C:\Program Files (x86)\Windows Kits\10\Include\10.0.26100.0\shared\winerror.h(59309,9): note: see previous definition of 'DXGI_STATUS_NO_DESKTOP_ACCESS'
C:\Dev\security\israeliclient2.0\19\thirdparty\dxsdk\Include\dxgitype.h(16,9): warning C4005: 'DXGI_STATUS_GRAPHICS_VIDPN_SOURCE_IN_USE': macro redefinition
C:\Program Files (x86)\Windows Kits\10\Include\10.0.26100.0\shared\winerror.h(59318,9): note: see previous definition of 'DXGI_STATUS_GRAPHICS_VIDPN_SOURCE_IN_USE'
C:\Dev\security\israeliclient2.0\19\thirdparty\dxsdk\Include\dxgitype.h(17,9): warning C4005: 'DXGI_STATUS_MODE_CHANGED': macro redefinition
C:\Program Files (x86)\Windows Kits\10\Include\10.0.26100.0\shared\winerror.h(59327,9): note: see previous definition of 'DXGI_STATUS_MODE_CHANGED'
C:\Dev\security\israeliclient2.0\19\thirdparty\dxsdk\Include\dxgitype.h(18,9): warning C4005: 'DXGI_STATUS_MODE_CHANGE_IN_PROGRESS': macro redefinition
C:\Program Files (x86)\Windows Kits\10\Include\10.0.26100.0\shared\winerror.h(59336,9): note: see previous definition of 'DXGI_STATUS_MODE_CHANGE_IN_PROGRESS'
C:\Dev\security\israeliclient2.0\19\thirdparty\dxsdk\Include\dxgitype.h(21,9): warning C4005: 'DXGI_ERROR_INVALID_CALL': macro redefinition
C:\Program Files (x86)\Windows Kits\10\Include\10.0.26100.0\shared\winerror.h(59351,9): note: see previous definition of 'DXGI_ERROR_INVALID_CALL'
C:\Dev\security\israeliclient2.0\19\thirdparty\dxsdk\Include\dxgitype.h(22,9): warning C4005: 'DXGI_ERROR_NOT_FOUND': macro redefinition
C:\Program Files (x86)\Windows Kits\10\Include\10.0.26100.0\shared\winerror.h(59360,9): note: see previous definition of 'DXGI_ERROR_NOT_FOUND'
C:\Dev\security\israeliclient2.0\19\thirdparty\dxsdk\Include\dxgitype.h(23,9): warning C4005: 'DXGI_ERROR_MORE_DATA': macro redefinition
C:\Program Files (x86)\Windows Kits\10\Include\10.0.26100.0\shared\winerror.h(59369,9): note: see previous definition of 'DXGI_ERROR_MORE_DATA'
C:\Dev\security\israeliclient2.0\19\thirdparty\dxsdk\Include\dxgitype.h(24,9): warning C4005: 'DXGI_ERROR_UNSUPPORTED': macro redefinition
C:\Program Files (x86)\Windows Kits\10\Include\10.0.26100.0\shared\winerror.h(59378,9): note: see previous definition of 'DXGI_ERROR_UNSUPPORTED'
C:\Dev\security\israeliclient2.0\19\thirdparty\dxsdk\Include\dxgitype.h(25,9): warning C4005: 'DXGI_ERROR_DEVICE_REMOVED': macro redefinition
C:\Program Files (x86)\Windows Kits\10\Include\10.0.26100.0\shared\winerror.h(59387,9): note: see previous definition of 'DXGI_ERROR_DEVICE_REMOVED'
C:\Dev\security\israeliclient2.0\19\thirdparty\dxsdk\Include\dxgitype.h(26,9): warning C4005: 'DXGI_ERROR_DEVICE_HUNG': macro redefinition
C:\Program Files (x86)\Windows Kits\10\Include\10.0.26100.0\shared\winerror.h(59396,9): note: see previous definition of 'DXGI_ERROR_DEVICE_HUNG'
C:\Dev\security\israeliclient2.0\19\thirdparty\dxsdk\Include\dxgitype.h(27,9): warning C4005: 'DXGI_ERROR_DEVICE_RESET': macro redefinition
C:\Program Files (x86)\Windows Kits\10\Include\10.0.26100.0\shared\winerror.h(59406,9): note: see previous definition of 'DXGI_ERROR_DEVICE_RESET'
C:\Dev\security\israeliclient2.0\19\thirdparty\dxsdk\Include\dxgitype.h(28,9): warning C4005: 'DXGI_ERROR_WAS_STILL_DRAWING': macro redefinition
C:\Program Files (x86)\Windows Kits\10\Include\10.0.26100.0\shared\winerror.h(59415,9): note: see previous definition of 'DXGI_ERROR_WAS_STILL_DRAWING'
C:\Dev\security\israeliclient2.0\19\thirdparty\dxsdk\Include\dxgitype.h(29,9): warning C4005: 'DXGI_ERROR_FRAME_STATISTICS_DISJOINT': macro redefinition
C:\Program Files (x86)\Windows Kits\10\Include\10.0.26100.0\shared\winerror.h(59425,9): note: see previous definition of 'DXGI_ERROR_FRAME_STATISTICS_DISJOINT'
C:\Dev\security\israeliclient2.0\19\thirdparty\dxsdk\Include\dxgitype.h(30,9): warning C4005: 'DXGI_ERROR_GRAPHICS_VIDPN_SOURCE_IN_USE': macro redefinition
C:\Program Files (x86)\Windows Kits\10\Include\10.0.26100.0\shared\winerror.h(59434,9): note: see previous definition of 'DXGI_ERROR_GRAPHICS_VIDPN_SOURCE_IN_USE'
C:\Dev\security\israeliclient2.0\19\thirdparty\dxsdk\Include\dxgitype.h(31,9): warning C4005: 'DXGI_ERROR_DRIVER_INTERNAL_ERROR': macro redefinition
C:\Program Files (x86)\Windows Kits\10\Include\10.0.26100.0\shared\winerror.h(59444,9): note: see previous definition of 'DXGI_ERROR_DRIVER_INTERNAL_ERROR'
C:\Dev\security\israeliclient2.0\19\thirdparty\dxsdk\Include\dxgitype.h(32,9): warning C4005: 'DXGI_ERROR_NONEXCLUSIVE': macro redefinition
C:\Program Files (x86)\Windows Kits\10\Include\10.0.26100.0\shared\winerror.h(59453,9): note: see previous definition of 'DXGI_ERROR_NONEXCLUSIVE'
C:\Dev\security\israeliclient2.0\19\thirdparty\dxsdk\Include\dxgitype.h(33,9): warning C4005: 'DXGI_ERROR_NOT_CURRENTLY_AVAILABLE': macro redefinition
C:\Program Files (x86)\Windows Kits\10\Include\10.0.26100.0\shared\winerror.h(59462,9): note: see previous definition of 'DXGI_ERROR_NOT_CURRENTLY_AVAILABLE'
C:\Dev\security\israeliclient2.0\19\thirdparty\dxsdk\Include\dxgitype.h(34,9): warning C4005: 'DXGI_ERROR_REMOTE_CLIENT_DISCONNECTED': macro redefinition
C:\Program Files (x86)\Windows Kits\10\Include\10.0.26100.0\shared\winerror.h(59472,9): note: see previous definition of 'DXGI_ERROR_REMOTE_CLIENT_DISCONNECTED'
C:\Dev\security\israeliclient2.0\19\thirdparty\dxsdk\Include\dxgitype.h(35,9): warning C4005: 'DXGI_ERROR_REMOTE_OUTOFMEMORY': macro redefinition
C:\Program Files (x86)\Windows Kits\10\Include\10.0.26100.0\shared\winerror.h(59481,9): note: see previous definition of 'DXGI_ERROR_REMOTE_OUTOFMEMORY'
C:\Dev\security\israeliclient2.0\19\thirdparty\dxsdk\Include\d3d11.h(917,9): warning C4005: 'D3D11_ERROR_TOO_MANY_UNIQUE_STATE_OBJECTS': macro redefinition
C:\Program Files (x86)\Windows Kits\10\Include\10.0.26100.0\shared\winerror.h(59796,9): note: see previous definition of 'D3D11_ERROR_TOO_MANY_UNIQUE_STATE_OBJECTS'
C:\Dev\security\israeliclient2.0\19\thirdparty\dxsdk\Include\d3d11.h(918,9): warning C4005: 'D3D11_ERROR_FILE_NOT_FOUND': macro redefinition
C:\Program Files (x86)\Windows Kits\10\Include\10.0.26100.0\shared\winerror.h(59805,9): note: see previous definition of 'D3D11_ERROR_FILE_NOT_FOUND'
C:\Dev\security\israeliclient2.0\19\thirdparty\dxsdk\Include\d3d11.h(919,9): warning C4005: 'D3D11_ERROR_TOO_MANY_UNIQUE_VIEW_OBJECTS': macro redefinition
C:\Program Files (x86)\Windows Kits\10\Include\10.0.26100.0\shared\winerror.h(59815,9): note: see previous definition of 'D3D11_ERROR_TOO_MANY_UNIQUE_VIEW_OBJECTS'
C:\Dev\security\israeliclient2.0\19\thirdparty\dxsdk\Include\d3d11.h(920,9): warning C4005: 'D3D11_ERROR_DEFERRED_CONTEXT_MAP_WITHOUT_INITIAL_DISCARD': macro redefinition
C:\Program Files (x86)\Windows Kits\10\Include\10.0.26100.0\shared\winerror.h(59824,9): note: see previous definition of 'D3D11_ERROR_DEFERRED_CONTEXT_MAP_WITHOUT_INITIAL_DISCARD'
C:\Dev\security\israeliclient2.0\19\thirdparty\dxsdk\Include\d3d10.h(608,9): warning C4005: 'D3D10_ERROR_TOO_MANY_UNIQUE_STATE_OBJECTS': macro redefinition
C:\Program Files (x86)\Windows Kits\10\Include\10.0.26100.0\shared\winerror.h(59772,9): note: see previous definition of 'D3D10_ERROR_TOO_MANY_UNIQUE_STATE_OBJECTS'
C:\Dev\security\israeliclient2.0\19\thirdparty\dxsdk\Include\d3d10.h(609,9): warning C4005: 'D3D10_ERROR_FILE_NOT_FOUND': macro redefinition
C:\Program Files (x86)\Windows Kits\10\Include\10.0.26100.0\shared\winerror.h(59781,9): note: see previous definition of 'D3D10_ERROR_FILE_NOT_FOUND'
C:\Dev\security\israeliclient2.0\19\framework\settings\functions.h(42,31): warning C4459: declaration of 'var' hides global declaration
C:\Dev\security\israeliclient2.0\19\framework\settings\variables.h(650,20): note: see declaration of 'var'
C:\Dev\security\israeliclient2.0\19\framework\settings\functions.h(402,90): warning C4244: 'return': conversion from 'double' to 'float', possible loss of data
C:\Dev\security\israeliclient2.0\19\framework\settings\functions.h(404,52): warning C4305: 'initializing': truncation from 'double' to 'float'
C:\Dev\security\israeliclient2.0\19\framework\settings\functions.h(404,116): warning C4244: 'return': conversion from 'double' to 'float', possible loss of data
C:\Dev\security\israeliclient2.0\19\framework\data\sounds.h(1,1): warning C4828: The file contains a character starting at offset 0x29 that is illegal in the current source character set (codepage 65001).
C:\Dev\security\israeliclient2.0\19\framework\functional\selection.cpp(29,17): warning C4189: 'label_size': local variable is initialized but not referenced
C:\Dev\security\israeliclient2.0\19\framework\functional\selection.cpp(25,23): warning C4189: 'style': local variable is initialized but not referenced
textfield.cpp
C:\Dev\security\israeliclient2.0\19\thirdparty\dxsdk\Include\dxgitype.h(12,9): warning C4005: 'DXGI_STATUS_OCCLUDED': macro redefinition
C:\Program Files (x86)\Windows Kits\10\Include\10.0.26100.0\shared\winerror.h(59282,9): note: see previous definition of 'DXGI_STATUS_OCCLUDED'
C:\Dev\security\israeliclient2.0\19\thirdparty\dxsdk\Include\dxgitype.h(13,9): warning C4005: 'DXGI_STATUS_CLIPPED': macro redefinition
C:\Program Files (x86)\Windows Kits\10\Include\10.0.26100.0\shared\winerror.h(59291,9): note: see previous definition of 'DXGI_STATUS_CLIPPED'
C:\Dev\security\israeliclient2.0\19\thirdparty\dxsdk\Include\dxgitype.h(14,9): warning C4005: 'DXGI_STATUS_NO_REDIRECTION': macro redefinition
C:\Program Files (x86)\Windows Kits\10\Include\10.0.26100.0\shared\winerror.h(59300,9): note: see previous definition of 'DXGI_STATUS_NO_REDIRECTION'
C:\Dev\security\israeliclient2.0\19\thirdparty\dxsdk\Include\dxgitype.h(15,9): warning C4005: 'DXGI_STATUS_NO_DESKTOP_ACCESS': macro redefinition
C:\Program Files (x86)\Windows Kits\10\Include\10.0.26100.0\shared\winerror.h(59309,9): note: see previous definition of 'DXGI_STATUS_NO_DESKTOP_ACCESS'
C:\Dev\security\israeliclient2.0\19\thirdparty\dxsdk\Include\dxgitype.h(16,9): warning C4005: 'DXGI_STATUS_GRAPHICS_VIDPN_SOURCE_IN_USE': macro redefinition
C:\Program Files (x86)\Windows Kits\10\Include\10.0.26100.0\shared\winerror.h(59318,9): note: see previous definition of 'DXGI_STATUS_GRAPHICS_VIDPN_SOURCE_IN_USE'
C:\Dev\security\israeliclient2.0\19\thirdparty\dxsdk\Include\dxgitype.h(17,9): warning C4005: 'DXGI_STATUS_MODE_CHANGED': macro redefinition
C:\Program Files (x86)\Windows Kits\10\Include\10.0.26100.0\shared\winerror.h(59327,9): note: see previous definition of 'DXGI_STATUS_MODE_CHANGED'
C:\Dev\security\israeliclient2.0\19\thirdparty\dxsdk\Include\dxgitype.h(18,9): warning C4005: 'DXGI_STATUS_MODE_CHANGE_IN_PROGRESS': macro redefinition
C:\Program Files (x86)\Windows Kits\10\Include\10.0.26100.0\shared\winerror.h(59336,9): note: see previous definition of 'DXGI_STATUS_MODE_CHANGE_IN_PROGRESS'
C:\Dev\security\israeliclient2.0\19\thirdparty\dxsdk\Include\dxgitype.h(21,9): warning C4005: 'DXGI_ERROR_INVALID_CALL': macro redefinition
C:\Program Files (x86)\Windows Kits\10\Include\10.0.26100.0\shared\winerror.h(59351,9): note: see previous definition of 'DXGI_ERROR_INVALID_CALL'
C:\Dev\security\israeliclient2.0\19\thirdparty\dxsdk\Include\dxgitype.h(22,9): warning C4005: 'DXGI_ERROR_NOT_FOUND': macro redefinition
C:\Program Files (x86)\Windows Kits\10\Include\10.0.26100.0\shared\winerror.h(59360,9): note: see previous definition of 'DXGI_ERROR_NOT_FOUND'
C:\Dev\security\israeliclient2.0\19\thirdparty\dxsdk\Include\dxgitype.h(23,9): warning C4005: 'DXGI_ERROR_MORE_DATA': macro redefinition
C:\Program Files (x86)\Windows Kits\10\Include\10.0.26100.0\shared\winerror.h(59369,9): note: see previous definition of 'DXGI_ERROR_MORE_DATA'
C:\Dev\security\israeliclient2.0\19\thirdparty\dxsdk\Include\dxgitype.h(24,9): warning C4005: 'DXGI_ERROR_UNSUPPORTED': macro redefinition
C:\Program Files (x86)\Windows Kits\10\Include\10.0.26100.0\shared\winerror.h(59378,9): note: see previous definition of 'DXGI_ERROR_UNSUPPORTED'
C:\Dev\security\israeliclient2.0\19\thirdparty\dxsdk\Include\dxgitype.h(25,9): warning C4005: 'DXGI_ERROR_DEVICE_REMOVED': macro redefinition
C:\Program Files (x86)\Windows Kits\10\Include\10.0.26100.0\shared\winerror.h(59387,9): note: see previous definition of 'DXGI_ERROR_DEVICE_REMOVED'
C:\Dev\security\israeliclient2.0\19\thirdparty\dxsdk\Include\dxgitype.h(26,9): warning C4005: 'DXGI_ERROR_DEVICE_HUNG': macro redefinition
C:\Program Files (x86)\Windows Kits\10\Include\10.0.26100.0\shared\winerror.h(59396,9): note: see previous definition of 'DXGI_ERROR_DEVICE_HUNG'
C:\Dev\security\israeliclient2.0\19\thirdparty\dxsdk\Include\dxgitype.h(27,9): warning C4005: 'DXGI_ERROR_DEVICE_RESET': macro redefinition
C:\Program Files (x86)\Windows Kits\10\Include\10.0.26100.0\shared\winerror.h(59406,9): note: see previous definition of 'DXGI_ERROR_DEVICE_RESET'
C:\Dev\security\israeliclient2.0\19\thirdparty\dxsdk\Include\dxgitype.h(28,9): warning C4005: 'DXGI_ERROR_WAS_STILL_DRAWING': macro redefinition
C:\Program Files (x86)\Windows Kits\10\Include\10.0.26100.0\shared\winerror.h(59415,9): note: see previous definition of 'DXGI_ERROR_WAS_STILL_DRAWING'
C:\Dev\security\israeliclient2.0\19\thirdparty\dxsdk\Include\dxgitype.h(29,9): warning C4005: 'DXGI_ERROR_FRAME_STATISTICS_DISJOINT': macro redefinition
C:\Program Files (x86)\Windows Kits\10\Include\10.0.26100.0\shared\winerror.h(59425,9): note: see previous definition of 'DXGI_ERROR_FRAME_STATISTICS_DISJOINT'
C:\Dev\security\israeliclient2.0\19\thirdparty\dxsdk\Include\dxgitype.h(30,9): warning C4005: 'DXGI_ERROR_GRAPHICS_VIDPN_SOURCE_IN_USE': macro redefinition
C:\Program Files (x86)\Windows Kits\10\Include\10.0.26100.0\shared\winerror.h(59434,9): note: see previous definition of 'DXGI_ERROR_GRAPHICS_VIDPN_SOURCE_IN_USE'
C:\Dev\security\israeliclient2.0\19\thirdparty\dxsdk\Include\dxgitype.h(31,9): warning C4005: 'DXGI_ERROR_DRIVER_INTERNAL_ERROR': macro redefinition
C:\Program Files (x86)\Windows Kits\10\Include\10.0.26100.0\shared\winerror.h(59444,9): note: see previous definition of 'DXGI_ERROR_DRIVER_INTERNAL_ERROR'
C:\Dev\security\israeliclient2.0\19\thirdparty\dxsdk\Include\dxgitype.h(32,9): warning C4005: 'DXGI_ERROR_NONEXCLUSIVE': macro redefinition
C:\Program Files (x86)\Windows Kits\10\Include\10.0.26100.0\shared\winerror.h(59453,9): note: see previous definition of 'DXGI_ERROR_NONEXCLUSIVE'
C:\Dev\security\israeliclient2.0\19\thirdparty\dxsdk\Include\dxgitype.h(33,9): warning C4005: 'DXGI_ERROR_NOT_CURRENTLY_AVAILABLE': macro redefinition
C:\Program Files (x86)\Windows Kits\10\Include\10.0.26100.0\shared\winerror.h(59462,9): note: see previous definition of 'DXGI_ERROR_NOT_CURRENTLY_AVAILABLE'
C:\Dev\security\israeliclient2.0\19\thirdparty\dxsdk\Include\dxgitype.h(34,9): warning C4005: 'DXGI_ERROR_REMOTE_CLIENT_DISCONNECTED': macro redefinition
C:\Program Files (x86)\Windows Kits\10\Include\10.0.26100.0\shared\winerror.h(59472,9): note: see previous definition of 'DXGI_ERROR_REMOTE_CLIENT_DISCONNECTED'
C:\Dev\security\israeliclient2.0\19\thirdparty\dxsdk\Include\dxgitype.h(35,9): warning C4005: 'DXGI_ERROR_REMOTE_OUTOFMEMORY': macro redefinition
C:\Program Files (x86)\Windows Kits\10\Include\10.0.26100.0\shared\winerror.h(59481,9): note: see previous definition of 'DXGI_ERROR_REMOTE_OUTOFMEMORY'
C:\Dev\security\israeliclient2.0\19\thirdparty\dxsdk\Include\d3d11.h(917,9): warning C4005: 'D3D11_ERROR_TOO_MANY_UNIQUE_STATE_OBJECTS': macro redefinition
C:\Program Files (x86)\Windows Kits\10\Include\10.0.26100.0\shared\winerror.h(59796,9): note: see previous definition of 'D3D11_ERROR_TOO_MANY_UNIQUE_STATE_OBJECTS'
C:\Dev\security\israeliclient2.0\19\thirdparty\dxsdk\Include\d3d11.h(918,9): warning C4005: 'D3D11_ERROR_FILE_NOT_FOUND': macro redefinition
C:\Program Files (x86)\Windows Kits\10\Include\10.0.26100.0\shared\winerror.h(59805,9): note: see previous definition of 'D3D11_ERROR_FILE_NOT_FOUND'
C:\Dev\security\israeliclient2.0\19\thirdparty\dxsdk\Include\d3d11.h(919,9): warning C4005: 'D3D11_ERROR_TOO_MANY_UNIQUE_VIEW_OBJECTS': macro redefinition
C:\Program Files (x86)\Windows Kits\10\Include\10.0.26100.0\shared\winerror.h(59815,9): note: see previous definition of 'D3D11_ERROR_TOO_MANY_UNIQUE_VIEW_OBJECTS'
C:\Dev\security\israeliclient2.0\19\thirdparty\dxsdk\Include\d3d11.h(920,9): warning C4005: 'D3D11_ERROR_DEFERRED_CONTEXT_MAP_WITHOUT_INITIAL_DISCARD': macro redefinition
C:\Program Files (x86)\Windows Kits\10\Include\10.0.26100.0\shared\winerror.h(59824,9): note: see previous definition of 'D3D11_ERROR_DEFERRED_CONTEXT_MAP_WITHOUT_INITIAL_DISCARD'
C:\Dev\security\israeliclient2.0\19\thirdparty\dxsdk\Include\d3d10.h(608,9): warning C4005: 'D3D10_ERROR_TOO_MANY_UNIQUE_STATE_OBJECTS': macro redefinition
C:\Program Files (x86)\Windows Kits\10\Include\10.0.26100.0\shared\winerror.h(59772,9): note: see previous definition of 'D3D10_ERROR_TOO_MANY_UNIQUE_STATE_OBJECTS'
C:\Dev\security\israeliclient2.0\19\thirdparty\dxsdk\Include\d3d10.h(609,9): warning C4005: 'D3D10_ERROR_FILE_NOT_FOUND': macro redefinition
C:\Program Files (x86)\Windows Kits\10\Include\10.0.26100.0\shared\winerror.h(59781,9): note: see previous definition of 'D3D10_ERROR_FILE_NOT_FOUND'
C:\Dev\security\israeliclient2.0\19\framework\settings\functions.h(42,31): warning C4459: declaration of 'var' hides global declaration
C:\Dev\security\israeliclient2.0\19\framework\settings\variables.h(650,20): note: see declaration of 'var'
C:\Dev\security\israeliclient2.0\19\framework\settings\functions.h(402,90): warning C4244: 'return': conversion from 'double' to 'float', possible loss of data
C:\Dev\security\israeliclient2.0\19\framework\settings\functions.h(404,52): warning C4305: 'initializing': truncation from 'double' to 'float'
C:\Dev\security\israeliclient2.0\19\framework\settings\functions.h(404,116): warning C4244: 'return': conversion from 'double' to 'float', possible loss of data
C:\Dev\security\israeliclient2.0\19\framework\data\sounds.h(1,1): warning C4828: The file contains a character starting at offset 0x29 that is illegal in the current source character set (codepage 65001).
C:\Dev\security\israeliclient2.0\19\framework\functional\textfield.cpp(1108,28): warning C4456: declaration of 'rect' hides previous local declaration
C:\Dev\security\israeliclient2.0\19\framework\functional\textfield.cpp(368,18): note: see declaration of 'rect'
C:\Dev\security\israeliclient2.0\19\thirdparty\imgui\imstb_textedit.h(724,13): warning C4505: 'ImStb::stb_textedit_key': unreferenced function with internal linkage has been removed
text_editor.cpp
C:\Dev\security\israeliclient2.0\19\thirdparty\dxsdk\Include\dxgitype.h(12,9): warning C4005: 'DXGI_STATUS_OCCLUDED': macro redefinition
C:\Program Files (x86)\Windows Kits\10\Include\10.0.26100.0\shared\winerror.h(59282,9): note: see previous definition of 'DXGI_STATUS_OCCLUDED'
C:\Dev\security\israeliclient2.0\19\thirdparty\dxsdk\Include\dxgitype.h(13,9): warning C4005: 'DXGI_STATUS_CLIPPED': macro redefinition
C:\Program Files (x86)\Windows Kits\10\Include\10.0.26100.0\shared\winerror.h(59291,9): note: see previous definition of 'DXGI_STATUS_CLIPPED'
C:\Dev\security\israeliclient2.0\19\thirdparty\dxsdk\Include\dxgitype.h(14,9): warning C4005: 'DXGI_STATUS_NO_REDIRECTION': macro redefinition
C:\Program Files (x86)\Windows Kits\10\Include\10.0.26100.0\shared\winerror.h(59300,9): note: see previous definition of 'DXGI_STATUS_NO_REDIRECTION'
C:\Dev\security\israeliclient2.0\19\thirdparty\dxsdk\Include\dxgitype.h(15,9): warning C4005: 'DXGI_STATUS_NO_DESKTOP_ACCESS': macro redefinition
C:\Program Files (x86)\Windows Kits\10\Include\10.0.26100.0\shared\winerror.h(59309,9): note: see previous definition of 'DXGI_STATUS_NO_DESKTOP_ACCESS'
C:\Dev\security\israeliclient2.0\19\thirdparty\dxsdk\Include\dxgitype.h(16,9): warning C4005: 'DXGI_STATUS_GRAPHICS_VIDPN_SOURCE_IN_USE': macro redefinition
C:\Program Files (x86)\Windows Kits\10\Include\10.0.26100.0\shared\winerror.h(59318,9): note: see previous definition of 'DXGI_STATUS_GRAPHICS_VIDPN_SOURCE_IN_USE'
C:\Dev\security\israeliclient2.0\19\thirdparty\dxsdk\Include\dxgitype.h(17,9): warning C4005: 'DXGI_STATUS_MODE_CHANGED': macro redefinition
C:\Program Files (x86)\Windows Kits\10\Include\10.0.26100.0\shared\winerror.h(59327,9): note: see previous definition of 'DXGI_STATUS_MODE_CHANGED'
C:\Dev\security\israeliclient2.0\19\thirdparty\dxsdk\Include\dxgitype.h(18,9): warning C4005: 'DXGI_STATUS_MODE_CHANGE_IN_PROGRESS': macro redefinition
C:\Program Files (x86)\Windows Kits\10\Include\10.0.26100.0\shared\winerror.h(59336,9): note: see previous definition of 'DXGI_STATUS_MODE_CHANGE_IN_PROGRESS'
C:\Dev\security\israeliclient2.0\19\thirdparty\dxsdk\Include\dxgitype.h(21,9): warning C4005: 'DXGI_ERROR_INVALID_CALL': macro redefinition
C:\Program Files (x86)\Windows Kits\10\Include\10.0.26100.0\shared\winerror.h(59351,9): note: see previous definition of 'DXGI_ERROR_INVALID_CALL'
C:\Dev\security\israeliclient2.0\19\thirdparty\dxsdk\Include\dxgitype.h(22,9): warning C4005: 'DXGI_ERROR_NOT_FOUND': macro redefinition
C:\Program Files (x86)\Windows Kits\10\Include\10.0.26100.0\shared\winerror.h(59360,9): note: see previous definition of 'DXGI_ERROR_NOT_FOUND'
C:\Dev\security\israeliclient2.0\19\thirdparty\dxsdk\Include\dxgitype.h(23,9): warning C4005: 'DXGI_ERROR_MORE_DATA': macro redefinition
C:\Program Files (x86)\Windows Kits\10\Include\10.0.26100.0\shared\winerror.h(59369,9): note: see previous definition of 'DXGI_ERROR_MORE_DATA'
C:\Dev\security\israeliclient2.0\19\thirdparty\dxsdk\Include\dxgitype.h(24,9): warning C4005: 'DXGI_ERROR_UNSUPPORTED': macro redefinition
C:\Program Files (x86)\Windows Kits\10\Include\10.0.26100.0\shared\winerror.h(59378,9): note: see previous definition of 'DXGI_ERROR_UNSUPPORTED'
C:\Dev\security\israeliclient2.0\19\thirdparty\dxsdk\Include\dxgitype.h(25,9): warning C4005: 'DXGI_ERROR_DEVICE_REMOVED': macro redefinition
C:\Program Files (x86)\Windows Kits\10\Include\10.0.26100.0\shared\winerror.h(59387,9): note: see previous definition of 'DXGI_ERROR_DEVICE_REMOVED'
C:\Dev\security\israeliclient2.0\19\thirdparty\dxsdk\Include\dxgitype.h(26,9): warning C4005: 'DXGI_ERROR_DEVICE_HUNG': macro redefinition
C:\Program Files (x86)\Windows Kits\10\Include\10.0.26100.0\shared\winerror.h(59396,9): note: see previous definition of 'DXGI_ERROR_DEVICE_HUNG'
C:\Dev\security\israeliclient2.0\19\thirdparty\dxsdk\Include\dxgitype.h(27,9): warning C4005: 'DXGI_ERROR_DEVICE_RESET': macro redefinition
C:\Program Files (x86)\Windows Kits\10\Include\10.0.26100.0\shared\winerror.h(59406,9): note: see previous definition of 'DXGI_ERROR_DEVICE_RESET'
C:\Dev\security\israeliclient2.0\19\thirdparty\dxsdk\Include\dxgitype.h(28,9): warning C4005: 'DXGI_ERROR_WAS_STILL_DRAWING': macro redefinition
C:\Program Files (x86)\Windows Kits\10\Include\10.0.26100.0\shared\winerror.h(59415,9): note: see previous definition of 'DXGI_ERROR_WAS_STILL_DRAWING'
C:\Dev\security\israeliclient2.0\19\thirdparty\dxsdk\Include\dxgitype.h(29,9): warning C4005: 'DXGI_ERROR_FRAME_STATISTICS_DISJOINT': macro redefinition
C:\Program Files (x86)\Windows Kits\10\Include\10.0.26100.0\shared\winerror.h(59425,9): note: see previous definition of 'DXGI_ERROR_FRAME_STATISTICS_DISJOINT'
C:\Dev\security\israeliclient2.0\19\thirdparty\dxsdk\Include\dxgitype.h(30,9): warning C4005: 'DXGI_ERROR_GRAPHICS_VIDPN_SOURCE_IN_USE': macro redefinition
C:\Program Files (x86)\Windows Kits\10\Include\10.0.26100.0\shared\winerror.h(59434,9): note: see previous definition of 'DXGI_ERROR_GRAPHICS_VIDPN_SOURCE_IN_USE'
C:\Dev\security\israeliclient2.0\19\thirdparty\dxsdk\Include\dxgitype.h(31,9): warning C4005: 'DXGI_ERROR_DRIVER_INTERNAL_ERROR': macro redefinition
C:\Program Files (x86)\Windows Kits\10\Include\10.0.26100.0\shared\winerror.h(59444,9): note: see previous definition of 'DXGI_ERROR_DRIVER_INTERNAL_ERROR'
C:\Dev\security\israeliclient2.0\19\thirdparty\dxsdk\Include\dxgitype.h(32,9): warning C4005: 'DXGI_ERROR_NONEXCLUSIVE': macro redefinition
C:\Program Files (x86)\Windows Kits\10\Include\10.0.26100.0\shared\winerror.h(59453,9): note: see previous definition of 'DXGI_ERROR_NONEXCLUSIVE'
C:\Dev\security\israeliclient2.0\19\thirdparty\dxsdk\Include\dxgitype.h(33,9): warning C4005: 'DXGI_ERROR_NOT_CURRENTLY_AVAILABLE': macro redefinition
C:\Program Files (x86)\Windows Kits\10\Include\10.0.26100.0\shared\winerror.h(59462,9): note: see previous definition of 'DXGI_ERROR_NOT_CURRENTLY_AVAILABLE'
C:\Dev\security\israeliclient2.0\19\thirdparty\dxsdk\Include\dxgitype.h(34,9): warning C4005: 'DXGI_ERROR_REMOTE_CLIENT_DISCONNECTED': macro redefinition
C:\Program Files (x86)\Windows Kits\10\Include\10.0.26100.0\shared\winerror.h(59472,9): note: see previous definition of 'DXGI_ERROR_REMOTE_CLIENT_DISCONNECTED'
C:\Dev\security\israeliclient2.0\19\thirdparty\dxsdk\Include\dxgitype.h(35,9): warning C4005: 'DXGI_ERROR_REMOTE_OUTOFMEMORY': macro redefinition
C:\Program Files (x86)\Windows Kits\10\Include\10.0.26100.0\shared\winerror.h(59481,9): note: see previous definition of 'DXGI_ERROR_REMOTE_OUTOFMEMORY'
C:\Dev\security\israeliclient2.0\19\thirdparty\dxsdk\Include\d3d11.h(917,9): warning C4005: 'D3D11_ERROR_TOO_MANY_UNIQUE_STATE_OBJECTS': macro redefinition
C:\Program Files (x86)\Windows Kits\10\Include\10.0.26100.0\shared\winerror.h(59796,9): note: see previous definition of 'D3D11_ERROR_TOO_MANY_UNIQUE_STATE_OBJECTS'
C:\Dev\security\israeliclient2.0\19\thirdparty\dxsdk\Include\d3d11.h(918,9): warning C4005: 'D3D11_ERROR_FILE_NOT_FOUND': macro redefinition
C:\Program Files (x86)\Windows Kits\10\Include\10.0.26100.0\shared\winerror.h(59805,9): note: see previous definition of 'D3D11_ERROR_FILE_NOT_FOUND'
C:\Dev\security\israeliclient2.0\19\thirdparty\dxsdk\Include\d3d11.h(919,9): warning C4005: 'D3D11_ERROR_TOO_MANY_UNIQUE_VIEW_OBJECTS': macro redefinition
C:\Program Files (x86)\Windows Kits\10\Include\10.0.26100.0\shared\winerror.h(59815,9): note: see previous definition of 'D3D11_ERROR_TOO_MANY_UNIQUE_VIEW_OBJECTS'
C:\Dev\security\israeliclient2.0\19\thirdparty\dxsdk\Include\d3d11.h(920,9): warning C4005: 'D3D11_ERROR_DEFERRED_CONTEXT_MAP_WITHOUT_INITIAL_DISCARD': macro redefinition
C:\Program Files (x86)\Windows Kits\10\Include\10.0.26100.0\shared\winerror.h(59824,9): note: see previous definition of 'D3D11_ERROR_DEFERRED_CONTEXT_MAP_WITHOUT_INITIAL_DISCARD'
C:\Dev\security\israeliclient2.0\19\thirdparty\dxsdk\Include\d3d10.h(608,9): warning C4005: 'D3D10_ERROR_TOO_MANY_UNIQUE_STATE_OBJECTS': macro redefinition
C:\Program Files (x86)\Windows Kits\10\Include\10.0.26100.0\shared\winerror.h(59772,9): note: see previous definition of 'D3D10_ERROR_TOO_MANY_UNIQUE_STATE_OBJECTS'
C:\Dev\security\israeliclient2.0\19\thirdparty\dxsdk\Include\d3d10.h(609,9): warning C4005: 'D3D10_ERROR_FILE_NOT_FOUND': macro redefinition
C:\Program Files (x86)\Windows Kits\10\Include\10.0.26100.0\shared\winerror.h(59781,9): note: see previous definition of 'D3D10_ERROR_FILE_NOT_FOUND'
C:\Dev\security\israeliclient2.0\19\framework\settings\functions.h(42,31): warning C4459: declaration of 'var' hides global declaration
C:\Dev\security\israeliclient2.0\19\framework\settings\variables.h(650,20): note: see declaration of 'var'
C:\Dev\security\israeliclient2.0\19\framework\settings\functions.h(402,90): warning C4244: 'return': conversion from 'double' to 'float', possible loss of data
C:\Dev\security\israeliclient2.0\19\framework\settings\functions.h(404,52): warning C4305: 'initializing': truncation from 'double' to 'float'
C:\Dev\security\israeliclient2.0\19\framework\settings\functions.h(404,116): warning C4244: 'return': conversion from 'double' to 'float', possible loss of data
C:\Dev\security\israeliclient2.0\19\framework\data\sounds.h(1,1): warning C4828: The file contains a character starting at offset 0x29 that is illegal in the current source character set (codepage 65001).
C:\Dev\security\israeliclient2.0\19\framework\functional\text_editor.cpp(947,114): warning C4244: 'argument': conversion from 'int' to 'float', possible loss of data
C:\Dev\security\israeliclient2.0\19\framework\functional\text_editor.cpp(1135,74): warning C4100: 'aBorder': unreferenced parameter
C:\Dev\security\israeliclient2.0\19\framework\functional\text_editor.cpp(1454,14): warning C4189: 'lineSize': local variable is initialized but not referenced
C:\Program Files\Microsoft Visual Studio\2022\Professional\VC\Tools\MSVC\14.44.35207\include\algorithm(3800,24): warning C4244: '=': conversion from 'int' to 'char', possible loss of data
C:\Program Files\Microsoft Visual Studio\2022\Professional\VC\Tools\MSVC\14.44.35207\include\algorithm(3800,24): note: the template instantiation context (the oldest one first) is
C:\Dev\security\israeliclient2.0\19\framework\functional\text_editor.cpp(2146,12): note: see reference to function template instantiation '_OutIt std::transform<std::_String_iterator<std::_String_val<std::_Simple_types<_Elem>>>,std::_String_iterator<std::_String_val<std::_Simple_types<_Elem>>>,int(__cdecl *)(int)>(const _InIt,const _InIt,_OutIt,_Fn)' being compiled
        with
        [
            _OutIt=std::_String_iterator<std::_String_val<std::_Simple_types<char>>>,
            _Elem=char,
            _InIt=std::_String_iterator<std::_String_val<std::_Simple_types<char>>>,
            _Fn=int (__cdecl *)(int)
        ]
gui.cc
C:\Dev\security\israeliclient2.0\19\thirdparty\dxsdk\Include\dxgitype.h(12,9): warning C4005: 'DXGI_STATUS_OCCLUDED': macro redefinition
C:\Program Files (x86)\Windows Kits\10\Include\10.0.26100.0\shared\winerror.h(59282,9): note: see previous definition of 'DXGI_STATUS_OCCLUDED'
C:\Dev\security\israeliclient2.0\19\thirdparty\dxsdk\Include\dxgitype.h(13,9): warning C4005: 'DXGI_STATUS_CLIPPED': macro redefinition
C:\Program Files (x86)\Windows Kits\10\Include\10.0.26100.0\shared\winerror.h(59291,9): note: see previous definition of 'DXGI_STATUS_CLIPPED'
C:\Dev\security\israeliclient2.0\19\thirdparty\dxsdk\Include\dxgitype.h(14,9): warning C4005: 'DXGI_STATUS_NO_REDIRECTION': macro redefinition
C:\Program Files (x86)\Windows Kits\10\Include\10.0.26100.0\shared\winerror.h(59300,9): note: see previous definition of 'DXGI_STATUS_NO_REDIRECTION'
C:\Dev\security\israeliclient2.0\19\thirdparty\dxsdk\Include\dxgitype.h(15,9): warning C4005: 'DXGI_STATUS_NO_DESKTOP_ACCESS': macro redefinition
C:\Program Files (x86)\Windows Kits\10\Include\10.0.26100.0\shared\winerror.h(59309,9): note: see previous definition of 'DXGI_STATUS_NO_DESKTOP_ACCESS'
C:\Dev\security\israeliclient2.0\19\thirdparty\dxsdk\Include\dxgitype.h(16,9): warning C4005: 'DXGI_STATUS_GRAPHICS_VIDPN_SOURCE_IN_USE': macro redefinition
C:\Program Files (x86)\Windows Kits\10\Include\10.0.26100.0\shared\winerror.h(59318,9): note: see previous definition of 'DXGI_STATUS_GRAPHICS_VIDPN_SOURCE_IN_USE'
C:\Dev\security\israeliclient2.0\19\thirdparty\dxsdk\Include\dxgitype.h(17,9): warning C4005: 'DXGI_STATUS_MODE_CHANGED': macro redefinition
C:\Program Files (x86)\Windows Kits\10\Include\10.0.26100.0\shared\winerror.h(59327,9): note: see previous definition of 'DXGI_STATUS_MODE_CHANGED'
C:\Dev\security\israeliclient2.0\19\thirdparty\dxsdk\Include\dxgitype.h(18,9): warning C4005: 'DXGI_STATUS_MODE_CHANGE_IN_PROGRESS': macro redefinition
C:\Program Files (x86)\Windows Kits\10\Include\10.0.26100.0\shared\winerror.h(59336,9): note: see previous definition of 'DXGI_STATUS_MODE_CHANGE_IN_PROGRESS'
C:\Dev\security\israeliclient2.0\19\thirdparty\dxsdk\Include\dxgitype.h(21,9): warning C4005: 'DXGI_ERROR_INVALID_CALL': macro redefinition
C:\Program Files (x86)\Windows Kits\10\Include\10.0.26100.0\shared\winerror.h(59351,9): note: see previous definition of 'DXGI_ERROR_INVALID_CALL'
C:\Dev\security\israeliclient2.0\19\thirdparty\dxsdk\Include\dxgitype.h(22,9): warning C4005: 'DXGI_ERROR_NOT_FOUND': macro redefinition
C:\Program Files (x86)\Windows Kits\10\Include\10.0.26100.0\shared\winerror.h(59360,9): note: see previous definition of 'DXGI_ERROR_NOT_FOUND'
C:\Dev\security\israeliclient2.0\19\thirdparty\dxsdk\Include\dxgitype.h(23,9): warning C4005: 'DXGI_ERROR_MORE_DATA': macro redefinition
C:\Program Files (x86)\Windows Kits\10\Include\10.0.26100.0\shared\winerror.h(59369,9): note: see previous definition of 'DXGI_ERROR_MORE_DATA'
C:\Dev\security\israeliclient2.0\19\thirdparty\dxsdk\Include\dxgitype.h(24,9): warning C4005: 'DXGI_ERROR_UNSUPPORTED': macro redefinition
C:\Program Files (x86)\Windows Kits\10\Include\10.0.26100.0\shared\winerror.h(59378,9): note: see previous definition of 'DXGI_ERROR_UNSUPPORTED'
C:\Dev\security\israeliclient2.0\19\thirdparty\dxsdk\Include\dxgitype.h(25,9): warning C4005: 'DXGI_ERROR_DEVICE_REMOVED': macro redefinition
C:\Program Files (x86)\Windows Kits\10\Include\10.0.26100.0\shared\winerror.h(59387,9): note: see previous definition of 'DXGI_ERROR_DEVICE_REMOVED'
C:\Dev\security\israeliclient2.0\19\thirdparty\dxsdk\Include\dxgitype.h(26,9): warning C4005: 'DXGI_ERROR_DEVICE_HUNG': macro redefinition
C:\Program Files (x86)\Windows Kits\10\Include\10.0.26100.0\shared\winerror.h(59396,9): note: see previous definition of 'DXGI_ERROR_DEVICE_HUNG'
C:\Dev\security\israeliclient2.0\19\thirdparty\dxsdk\Include\dxgitype.h(27,9): warning C4005: 'DXGI_ERROR_DEVICE_RESET': macro redefinition
C:\Program Files (x86)\Windows Kits\10\Include\10.0.26100.0\shared\winerror.h(59406,9): note: see previous definition of 'DXGI_ERROR_DEVICE_RESET'
C:\Dev\security\israeliclient2.0\19\thirdparty\dxsdk\Include\dxgitype.h(28,9): warning C4005: 'DXGI_ERROR_WAS_STILL_DRAWING': macro redefinition
C:\Program Files (x86)\Windows Kits\10\Include\10.0.26100.0\shared\winerror.h(59415,9): note: see previous definition of 'DXGI_ERROR_WAS_STILL_DRAWING'
C:\Dev\security\israeliclient2.0\19\thirdparty\dxsdk\Include\dxgitype.h(29,9): warning C4005: 'DXGI_ERROR_FRAME_STATISTICS_DISJOINT': macro redefinition
C:\Program Files (x86)\Windows Kits\10\Include\10.0.26100.0\shared\winerror.h(59425,9): note: see previous definition of 'DXGI_ERROR_FRAME_STATISTICS_DISJOINT'
C:\Dev\security\israeliclient2.0\19\thirdparty\dxsdk\Include\dxgitype.h(30,9): warning C4005: 'DXGI_ERROR_GRAPHICS_VIDPN_SOURCE_IN_USE': macro redefinition
C:\Program Files (x86)\Windows Kits\10\Include\10.0.26100.0\shared\winerror.h(59434,9): note: see previous definition of 'DXGI_ERROR_GRAPHICS_VIDPN_SOURCE_IN_USE'
C:\Dev\security\israeliclient2.0\19\thirdparty\dxsdk\Include\dxgitype.h(31,9): warning C4005: 'DXGI_ERROR_DRIVER_INTERNAL_ERROR': macro redefinition
C:\Program Files (x86)\Windows Kits\10\Include\10.0.26100.0\shared\winerror.h(59444,9): note: see previous definition of 'DXGI_ERROR_DRIVER_INTERNAL_ERROR'
C:\Dev\security\israeliclient2.0\19\thirdparty\dxsdk\Include\dxgitype.h(32,9): warning C4005: 'DXGI_ERROR_NONEXCLUSIVE': macro redefinition
C:\Program Files (x86)\Windows Kits\10\Include\10.0.26100.0\shared\winerror.h(59453,9): note: see previous definition of 'DXGI_ERROR_NONEXCLUSIVE'
C:\Dev\security\israeliclient2.0\19\thirdparty\dxsdk\Include\dxgitype.h(33,9): warning C4005: 'DXGI_ERROR_NOT_CURRENTLY_AVAILABLE': macro redefinition
C:\Program Files (x86)\Windows Kits\10\Include\10.0.26100.0\shared\winerror.h(59462,9): note: see previous definition of 'DXGI_ERROR_NOT_CURRENTLY_AVAILABLE'
C:\Dev\security\israeliclient2.0\19\thirdparty\dxsdk\Include\dxgitype.h(34,9): warning C4005: 'DXGI_ERROR_REMOTE_CLIENT_DISCONNECTED': macro redefinition
C:\Program Files (x86)\Windows Kits\10\Include\10.0.26100.0\shared\winerror.h(59472,9): note: see previous definition of 'DXGI_ERROR_REMOTE_CLIENT_DISCONNECTED'
C:\Dev\security\israeliclient2.0\19\thirdparty\dxsdk\Include\dxgitype.h(35,9): warning C4005: 'DXGI_ERROR_REMOTE_OUTOFMEMORY': macro redefinition
C:\Program Files (x86)\Windows Kits\10\Include\10.0.26100.0\shared\winerror.h(59481,9): note: see previous definition of 'DXGI_ERROR_REMOTE_OUTOFMEMORY'
C:\Dev\security\israeliclient2.0\19\thirdparty\dxsdk\Include\d3d11.h(917,9): warning C4005: 'D3D11_ERROR_TOO_MANY_UNIQUE_STATE_OBJECTS': macro redefinition
C:\Program Files (x86)\Windows Kits\10\Include\10.0.26100.0\shared\winerror.h(59796,9): note: see previous definition of 'D3D11_ERROR_TOO_MANY_UNIQUE_STATE_OBJECTS'
C:\Dev\security\israeliclient2.0\19\thirdparty\dxsdk\Include\d3d11.h(918,9): warning C4005: 'D3D11_ERROR_FILE_NOT_FOUND': macro redefinition
C:\Program Files (x86)\Windows Kits\10\Include\10.0.26100.0\shared\winerror.h(59805,9): note: see previous definition of 'D3D11_ERROR_FILE_NOT_FOUND'
C:\Dev\security\israeliclient2.0\19\thirdparty\dxsdk\Include\d3d11.h(919,9): warning C4005: 'D3D11_ERROR_TOO_MANY_UNIQUE_VIEW_OBJECTS': macro redefinition
C:\Program Files (x86)\Windows Kits\10\Include\10.0.26100.0\shared\winerror.h(59815,9): note: see previous definition of 'D3D11_ERROR_TOO_MANY_UNIQUE_VIEW_OBJECTS'
C:\Dev\security\israeliclient2.0\19\thirdparty\dxsdk\Include\d3d11.h(920,9): warning C4005: 'D3D11_ERROR_DEFERRED_CONTEXT_MAP_WITHOUT_INITIAL_DISCARD': macro redefinition
C:\Program Files (x86)\Windows Kits\10\Include\10.0.26100.0\shared\winerror.h(59824,9): note: see previous definition of 'D3D11_ERROR_DEFERRED_CONTEXT_MAP_WITHOUT_INITIAL_DISCARD'
C:\Dev\security\israeliclient2.0\19\thirdparty\dxsdk\Include\d3d10.h(608,9): warning C4005: 'D3D10_ERROR_TOO_MANY_UNIQUE_STATE_OBJECTS': macro redefinition
C:\Program Files (x86)\Windows Kits\10\Include\10.0.26100.0\shared\winerror.h(59772,9): note: see previous definition of 'D3D10_ERROR_TOO_MANY_UNIQUE_STATE_OBJECTS'
C:\Dev\security\israeliclient2.0\19\thirdparty\dxsdk\Include\d3d10.h(609,9): warning C4005: 'D3D10_ERROR_FILE_NOT_FOUND': macro redefinition
C:\Program Files (x86)\Windows Kits\10\Include\10.0.26100.0\shared\winerror.h(59781,9): note: see previous definition of 'D3D10_ERROR_FILE_NOT_FOUND'
C:\Dev\security\israeliclient2.0\19\framework\settings\functions.h(42,31): warning C4459: declaration of 'var' hides global declaration
C:\Dev\security\israeliclient2.0\19\framework\settings\variables.h(650,20): note: see declaration of 'var'
C:\Dev\security\israeliclient2.0\19\framework\settings\functions.h(402,90): warning C4244: 'return': conversion from 'double' to 'float', possible loss of data
C:\Dev\security\israeliclient2.0\19\framework\settings\functions.h(404,52): warning C4305: 'initializing': truncation from 'double' to 'float'
C:\Dev\security\israeliclient2.0\19\framework\settings\functions.h(404,116): warning C4244: 'return': conversion from 'double' to 'float', possible loss of data
C:\Dev\security\israeliclient2.0\19\framework\data\sounds.h(1,1): warning C4828: The file contains a character starting at offset 0x29 that is illegal in the current source character set (codepage 65001).
C:\Dev\security\israeliclient2.0\19\framework\shader\blur.hpp(68,30): warning C4100: 'd': unreferenced parameter
C:\Dev\security\israeliclient2.0\19\framework\shader\blur.hpp(83,52): warning C4100: 'cmd': unreferenced parameter
C:\Dev\security\israeliclient2.0\19\framework\shader\blur.hpp(83,32): warning C4100: 'd': unreferenced parameter
C:\Dev\security\israeliclient2.0\19\framework\shader\blur.hpp(93,170): warning C4244: 'argument': conversion from 'int' to 'float', possible loss of data
C:\Dev\security\israeliclient2.0\19\framework\esp\game_data.h(188,5): warning C4996: 'strncpy': This function or variable may be unsafe. Consider using strncpy_s instead. To disable deprecation, use _CRT_SECURE_NO_WARNINGS. See online help for details.
C:\Dev\security\israeliclient2.0\19\framework\esp\game_data.h(722,34): warning C4996: 'strcpy': This function or variable may be unsafe. Consider using strcpy_s instead. To disable deprecation, use _CRT_SECURE_NO_WARNINGS. See online help for details.
C:\Dev\security\israeliclient2.0\19\framework\esp\game_data.h(768,28): warning C4996: 'strcpy': This function or variable may be unsafe. Consider using strcpy_s instead. To disable deprecation, use _CRT_SECURE_NO_WARNINGS. See online help for details.
C:\Dev\security\israeliclient2.0\19\framework\esp\game_data.h(806,28): warning C4996: 'strcpy': This function or variable may be unsafe. Consider using strcpy_s instead. To disable deprecation, use _CRT_SECURE_NO_WARNINGS. See online help for details.
C:\Dev\security\israeliclient2.0\19\framework\esp\game_data.h(877,34): warning C4996: 'strcpy': This function or variable may be unsafe. Consider using strcpy_s instead. To disable deprecation, use _CRT_SECURE_NO_WARNINGS. See online help for details.
C:\Dev\security\israeliclient2.0\19\framework\esp\game_data.h(964,25): warning C4996: 'strcpy': This function or variable may be unsafe. Consider using strcpy_s instead. To disable deprecation, use _CRT_SECURE_NO_WARNINGS. See online help for details.
C:\Dev\security\israeliclient2.0\19\framework\esp\game_data.h(968,17): warning C4996: 'strcpy': This function or variable may be unsafe. Consider using strcpy_s instead. To disable deprecation, use _CRT_SECURE_NO_WARNINGS. See online help for details.
C:\Dev\security\israeliclient2.0\19\framework\esp\game_data.h(997,26): warning C4996: 'strcpy': This function or variable may be unsafe. Consider using strcpy_s instead. To disable deprecation, use _CRT_SECURE_NO_WARNINGS. See online help for details.
C:\Dev\security\israeliclient2.0\19\framework\esp\game_data.h(994,33): warning C4996: 'strncpy': This function or variable may be unsafe. Consider using strncpy_s instead. To disable deprecation, use _CRT_SECURE_NO_WARNINGS. See online help for details.
C:\Dev\security\israeliclient2.0\19\framework\esp\esp_renderer.h(469,31): warning C4100: 'nonvis_col': unreferenced parameter
C:\Dev\security\israeliclient2.0\19\framework\esp\esp_renderer.h(745,82): warning C4100: 'now': unreferenced parameter
C:\Dev\security\israeliclient2.0\19\framework\esp\esp_renderer.h(745,49): warning C4100: 'cache_static': unreferenced parameter
C:\Dev\security\israeliclient2.0\19\framework\esp\esp_renderer.h(745,32): warning C4100: 'use_bounds': unreferenced parameter
C:\Dev\security\israeliclient2.0\19\framework\esp\esp_renderer.h(741,68): warning C4100: 'comp': unreferenced parameter
C:\Dev\security\israeliclient2.0\19\framework\esp\esp_renderer.h(914,9): warning C4996: 'strncpy': This function or variable may be unsafe. Consider using strncpy_s instead. To disable deprecation, use _CRT_SECURE_NO_WARNINGS. See online help for details.
C:\Dev\security\israeliclient2.0\19\framework\esp\esp_renderer.h(931,13): warning C4996: 'strncpy': This function or variable may be unsafe. Consider using strncpy_s instead. To disable deprecation, use _CRT_SECURE_NO_WARNINGS. See online help for details.
C:\Dev\security\israeliclient2.0\19\framework\esp\esp_renderer.h(939,45): warning C4996: 'strncpy': This function or variable may be unsafe. Consider using strncpy_s instead. To disable deprecation, use _CRT_SECURE_NO_WARNINGS. See online help for details.
C:\Dev\security\israeliclient2.0\19\framework\esp\esp_renderer.h(1156,39): warning C4996: 'strcpy': This function or variable may be unsafe. Consider using strcpy_s instead. To disable deprecation, use _CRT_SECURE_NO_WARNINGS. See online help for details.
C:\Dev\security\israeliclient2.0\19\framework\gui.cc(235,142): warning C4267: 'argument': conversion from 'size_t' to 'int', possible loss of data
C:\Dev\security\israeliclient2.0\19\framework\gui.cc(322,142): warning C4267: 'argument': conversion from 'size_t' to 'int', possible loss of data
C:\Dev\security\israeliclient2.0\19\framework\gui.cc(324,155): warning C4267: 'argument': conversion from 'size_t' to 'int', possible loss of data
C:\Dev\security\israeliclient2.0\19\framework\gui.cc(386,151): warning C4267: 'argument': conversion from 'size_t' to 'int', possible loss of data
C:\Dev\security\israeliclient2.0\19\framework\gui.cc(420,134): warning C4267: 'argument': conversion from 'size_t' to 'int', possible loss of data
C:\Dev\security\israeliclient2.0\19\framework\gui.cc(437,156): warning C4267: 'argument': conversion from 'size_t' to 'int', possible loss of data
C:\Dev\security\israeliclient2.0\19\framework\gui.cc(632,84): warning C4305: 'argument': truncation from 'double' to 'float'
C:\Dev\security\israeliclient2.0\19\framework\gui.cc(649,81): warning C4305: 'argument': truncation from 'double' to 'float'
C:\Dev\security\israeliclient2.0\19\framework\gui.cc(933,137): warning C4267: 'argument': conversion from 'size_t' to 'int', possible loss of data
C:\Dev\security\israeliclient2.0\19\framework\gui.cc(1049,9): warning C4611: interaction between '_setjmp' and C++ object destruction is non-portable
C:\Dev\security\israeliclient2.0\19\framework\gui.cc(121,29): warning C4189: 'total_bot': local variable is initialized but not referenced
C:\Dev\security\israeliclient2.0\19\framework\gui.cc(150,29): warning C4189: 'tid': local variable is initialized but not referenced
Generating Code...
Compiling...
imgui.cpp
imgui_draw.cpp
imgui_tables.cpp
imgui_widgets.cpp
imgui_impl_dx11.cpp
C:\Dev\security\israeliclient2.0\19\thirdparty\dxsdk\Include\dxgitype.h(12,9): warning C4005: 'DXGI_STATUS_OCCLUDED': macro redefinition
C:\Program Files (x86)\Windows Kits\10\Include\10.0.26100.0\shared\winerror.h(59282,9): note: see previous definition of 'DXGI_STATUS_OCCLUDED'
C:\Dev\security\israeliclient2.0\19\thirdparty\dxsdk\Include\dxgitype.h(13,9): warning C4005: 'DXGI_STATUS_CLIPPED': macro redefinition
C:\Program Files (x86)\Windows Kits\10\Include\10.0.26100.0\shared\winerror.h(59291,9): note: see previous definition of 'DXGI_STATUS_CLIPPED'
C:\Dev\security\israeliclient2.0\19\thirdparty\dxsdk\Include\dxgitype.h(14,9): warning C4005: 'DXGI_STATUS_NO_REDIRECTION': macro redefinition
C:\Program Files (x86)\Windows Kits\10\Include\10.0.26100.0\shared\winerror.h(59300,9): note: see previous definition of 'DXGI_STATUS_NO_REDIRECTION'
C:\Dev\security\israeliclient2.0\19\thirdparty\dxsdk\Include\dxgitype.h(15,9): warning C4005: 'DXGI_STATUS_NO_DESKTOP_ACCESS': macro redefinition
C:\Program Files (x86)\Windows Kits\10\Include\10.0.26100.0\shared\winerror.h(59309,9): note: see previous definition of 'DXGI_STATUS_NO_DESKTOP_ACCESS'
C:\Dev\security\israeliclient2.0\19\thirdparty\dxsdk\Include\dxgitype.h(16,9): warning C4005: 'DXGI_STATUS_GRAPHICS_VIDPN_SOURCE_IN_USE': macro redefinition
C:\Program Files (x86)\Windows Kits\10\Include\10.0.26100.0\shared\winerror.h(59318,9): note: see previous definition of 'DXGI_STATUS_GRAPHICS_VIDPN_SOURCE_IN_USE'
C:\Dev\security\israeliclient2.0\19\thirdparty\dxsdk\Include\dxgitype.h(17,9): warning C4005: 'DXGI_STATUS_MODE_CHANGED': macro redefinition
C:\Program Files (x86)\Windows Kits\10\Include\10.0.26100.0\shared\winerror.h(59327,9): note: see previous definition of 'DXGI_STATUS_MODE_CHANGED'
C:\Dev\security\israeliclient2.0\19\thirdparty\dxsdk\Include\dxgitype.h(18,9): warning C4005: 'DXGI_STATUS_MODE_CHANGE_IN_PROGRESS': macro redefinition
C:\Program Files (x86)\Windows Kits\10\Include\10.0.26100.0\shared\winerror.h(59336,9): note: see previous definition of 'DXGI_STATUS_MODE_CHANGE_IN_PROGRESS'
C:\Dev\security\israeliclient2.0\19\thirdparty\dxsdk\Include\dxgitype.h(21,9): warning C4005: 'DXGI_ERROR_INVALID_CALL': macro redefinition
C:\Program Files (x86)\Windows Kits\10\Include\10.0.26100.0\shared\winerror.h(59351,9): note: see previous definition of 'DXGI_ERROR_INVALID_CALL'
C:\Dev\security\israeliclient2.0\19\thirdparty\dxsdk\Include\dxgitype.h(22,9): warning C4005: 'DXGI_ERROR_NOT_FOUND': macro redefinition
C:\Program Files (x86)\Windows Kits\10\Include\10.0.26100.0\shared\winerror.h(59360,9): note: see previous definition of 'DXGI_ERROR_NOT_FOUND'
C:\Dev\security\israeliclient2.0\19\thirdparty\dxsdk\Include\dxgitype.h(23,9): warning C4005: 'DXGI_ERROR_MORE_DATA': macro redefinition
C:\Program Files (x86)\Windows Kits\10\Include\10.0.26100.0\shared\winerror.h(59369,9): note: see previous definition of 'DXGI_ERROR_MORE_DATA'
C:\Dev\security\israeliclient2.0\19\thirdparty\dxsdk\Include\dxgitype.h(24,9): warning C4005: 'DXGI_ERROR_UNSUPPORTED': macro redefinition
C:\Program Files (x86)\Windows Kits\10\Include\10.0.26100.0\shared\winerror.h(59378,9): note: see previous definition of 'DXGI_ERROR_UNSUPPORTED'
C:\Dev\security\israeliclient2.0\19\thirdparty\dxsdk\Include\dxgitype.h(25,9): warning C4005: 'DXGI_ERROR_DEVICE_REMOVED': macro redefinition
C:\Program Files (x86)\Windows Kits\10\Include\10.0.26100.0\shared\winerror.h(59387,9): note: see previous definition of 'DXGI_ERROR_DEVICE_REMOVED'
C:\Dev\security\israeliclient2.0\19\thirdparty\dxsdk\Include\dxgitype.h(26,9): warning C4005: 'DXGI_ERROR_DEVICE_HUNG': macro redefinition
C:\Program Files (x86)\Windows Kits\10\Include\10.0.26100.0\shared\winerror.h(59396,9): note: see previous definition of 'DXGI_ERROR_DEVICE_HUNG'
C:\Dev\security\israeliclient2.0\19\thirdparty\dxsdk\Include\dxgitype.h(27,9): warning C4005: 'DXGI_ERROR_DEVICE_RESET': macro redefinition
C:\Program Files (x86)\Windows Kits\10\Include\10.0.26100.0\shared\winerror.h(59406,9): note: see previous definition of 'DXGI_ERROR_DEVICE_RESET'
C:\Dev\security\israeliclient2.0\19\thirdparty\dxsdk\Include\dxgitype.h(28,9): warning C4005: 'DXGI_ERROR_WAS_STILL_DRAWING': macro redefinition
C:\Program Files (x86)\Windows Kits\10\Include\10.0.26100.0\shared\winerror.h(59415,9): note: see previous definition of 'DXGI_ERROR_WAS_STILL_DRAWING'
C:\Dev\security\israeliclient2.0\19\thirdparty\dxsdk\Include\dxgitype.h(29,9): warning C4005: 'DXGI_ERROR_FRAME_STATISTICS_DISJOINT': macro redefinition
C:\Program Files (x86)\Windows Kits\10\Include\10.0.26100.0\shared\winerror.h(59425,9): note: see previous definition of 'DXGI_ERROR_FRAME_STATISTICS_DISJOINT'
C:\Dev\security\israeliclient2.0\19\thirdparty\dxsdk\Include\dxgitype.h(30,9): warning C4005: 'DXGI_ERROR_GRAPHICS_VIDPN_SOURCE_IN_USE': macro redefinition
C:\Program Files (x86)\Windows Kits\10\Include\10.0.26100.0\shared\winerror.h(59434,9): note: see previous definition of 'DXGI_ERROR_GRAPHICS_VIDPN_SOURCE_IN_USE'
C:\Dev\security\israeliclient2.0\19\thirdparty\dxsdk\Include\dxgitype.h(31,9): warning C4005: 'DXGI_ERROR_DRIVER_INTERNAL_ERROR': macro redefinition
C:\Program Files (x86)\Windows Kits\10\Include\10.0.26100.0\shared\winerror.h(59444,9): note: see previous definition of 'DXGI_ERROR_DRIVER_INTERNAL_ERROR'
C:\Dev\security\israeliclient2.0\19\thirdparty\dxsdk\Include\dxgitype.h(32,9): warning C4005: 'DXGI_ERROR_NONEXCLUSIVE': macro redefinition
C:\Program Files (x86)\Windows Kits\10\Include\10.0.26100.0\shared\winerror.h(59453,9): note: see previous definition of 'DXGI_ERROR_NONEXCLUSIVE'
C:\Dev\security\israeliclient2.0\19\thirdparty\dxsdk\Include\dxgitype.h(33,9): warning C4005: 'DXGI_ERROR_NOT_CURRENTLY_AVAILABLE': macro redefinition
C:\Program Files (x86)\Windows Kits\10\Include\10.0.26100.0\shared\winerror.h(59462,9): note: see previous definition of 'DXGI_ERROR_NOT_CURRENTLY_AVAILABLE'
C:\Dev\security\israeliclient2.0\19\thirdparty\dxsdk\Include\dxgitype.h(34,9): warning C4005: 'DXGI_ERROR_REMOTE_CLIENT_DISCONNECTED': macro redefinition
C:\Program Files (x86)\Windows Kits\10\Include\10.0.26100.0\shared\winerror.h(59472,9): note: see previous definition of 'DXGI_ERROR_REMOTE_CLIENT_DISCONNECTED'
C:\Dev\security\israeliclient2.0\19\thirdparty\dxsdk\Include\dxgitype.h(35,9): warning C4005: 'DXGI_ERROR_REMOTE_OUTOFMEMORY': macro redefinition
C:\Program Files (x86)\Windows Kits\10\Include\10.0.26100.0\shared\winerror.h(59481,9): note: see previous definition of 'DXGI_ERROR_REMOTE_OUTOFMEMORY'
C:\Dev\security\israeliclient2.0\19\thirdparty\dxsdk\Include\d3d11.h(917,9): warning C4005: 'D3D11_ERROR_TOO_MANY_UNIQUE_STATE_OBJECTS': macro redefinition
C:\Program Files (x86)\Windows Kits\10\Include\10.0.26100.0\shared\winerror.h(59796,9): note: see previous definition of 'D3D11_ERROR_TOO_MANY_UNIQUE_STATE_OBJECTS'
C:\Dev\security\israeliclient2.0\19\thirdparty\dxsdk\Include\d3d11.h(918,9): warning C4005: 'D3D11_ERROR_FILE_NOT_FOUND': macro redefinition
C:\Program Files (x86)\Windows Kits\10\Include\10.0.26100.0\shared\winerror.h(59805,9): note: see previous definition of 'D3D11_ERROR_FILE_NOT_FOUND'
C:\Dev\security\israeliclient2.0\19\thirdparty\dxsdk\Include\d3d11.h(919,9): warning C4005: 'D3D11_ERROR_TOO_MANY_UNIQUE_VIEW_OBJECTS': macro redefinition
C:\Program Files (x86)\Windows Kits\10\Include\10.0.26100.0\shared\winerror.h(59815,9): note: see previous definition of 'D3D11_ERROR_TOO_MANY_UNIQUE_VIEW_OBJECTS'
C:\Dev\security\israeliclient2.0\19\thirdparty\dxsdk\Include\d3d11.h(920,9): warning C4005: 'D3D11_ERROR_DEFERRED_CONTEXT_MAP_WITHOUT_INITIAL_DISCARD': macro redefinition
C:\Program Files (x86)\Windows Kits\10\Include\10.0.26100.0\shared\winerror.h(59824,9): note: see previous definition of 'D3D11_ERROR_DEFERRED_CONTEXT_MAP_WITHOUT_INITIAL_DISCARD'
C:\Dev\security\israeliclient2.0\19\thirdparty\dxsdk\Include\d3d10.h(608,9): warning C4005: 'D3D10_ERROR_TOO_MANY_UNIQUE_STATE_OBJECTS': macro redefinition
C:\Program Files (x86)\Windows Kits\10\Include\10.0.26100.0\shared\winerror.h(59772,9): note: see previous definition of 'D3D10_ERROR_TOO_MANY_UNIQUE_STATE_OBJECTS'
C:\Dev\security\israeliclient2.0\19\thirdparty\dxsdk\Include\d3d10.h(609,9): warning C4005: 'D3D10_ERROR_FILE_NOT_FOUND': macro redefinition
C:\Program Files (x86)\Windows Kits\10\Include\10.0.26100.0\shared\winerror.h(59781,9): note: see previous definition of 'D3D10_ERROR_FILE_NOT_FOUND'
imgui_impl_win32.cpp
main.cpp
C:\Dev\security\israeliclient2.0\19\thirdparty\dxsdk\Include\dxgitype.h(12,9): warning C4005: 'DXGI_STATUS_OCCLUDED': macro redefinition
C:\Program Files (x86)\Windows Kits\10\Include\10.0.26100.0\shared\winerror.h(59282,9): note: see previous definition of 'DXGI_STATUS_OCCLUDED'
C:\Dev\security\israeliclient2.0\19\thirdparty\dxsdk\Include\dxgitype.h(13,9): warning C4005: 'DXGI_STATUS_CLIPPED': macro redefinition
C:\Program Files (x86)\Windows Kits\10\Include\10.0.26100.0\shared\winerror.h(59291,9): note: see previous definition of 'DXGI_STATUS_CLIPPED'
C:\Dev\security\israeliclient2.0\19\thirdparty\dxsdk\Include\dxgitype.h(14,9): warning C4005: 'DXGI_STATUS_NO_REDIRECTION': macro redefinition
C:\Program Files (x86)\Windows Kits\10\Include\10.0.26100.0\shared\winerror.h(59300,9): note: see previous definition of 'DXGI_STATUS_NO_REDIRECTION'
C:\Dev\security\israeliclient2.0\19\thirdparty\dxsdk\Include\dxgitype.h(15,9): warning C4005: 'DXGI_STATUS_NO_DESKTOP_ACCESS': macro redefinition
C:\Program Files (x86)\Windows Kits\10\Include\10.0.26100.0\shared\winerror.h(59309,9): note: see previous definition of 'DXGI_STATUS_NO_DESKTOP_ACCESS'
C:\Dev\security\israeliclient2.0\19\thirdparty\dxsdk\Include\dxgitype.h(16,9): warning C4005: 'DXGI_STATUS_GRAPHICS_VIDPN_SOURCE_IN_USE': macro redefinition
C:\Program Files (x86)\Windows Kits\10\Include\10.0.26100.0\shared\winerror.h(59318,9): note: see previous definition of 'DXGI_STATUS_GRAPHICS_VIDPN_SOURCE_IN_USE'
C:\Dev\security\israeliclient2.0\19\thirdparty\dxsdk\Include\dxgitype.h(17,9): warning C4005: 'DXGI_STATUS_MODE_CHANGED': macro redefinition
C:\Program Files (x86)\Windows Kits\10\Include\10.0.26100.0\shared\winerror.h(59327,9): note: see previous definition of 'DXGI_STATUS_MODE_CHANGED'
C:\Dev\security\israeliclient2.0\19\thirdparty\dxsdk\Include\dxgitype.h(18,9): warning C4005: 'DXGI_STATUS_MODE_CHANGE_IN_PROGRESS': macro redefinition
C:\Program Files (x86)\Windows Kits\10\Include\10.0.26100.0\shared\winerror.h(59336,9): note: see previous definition of 'DXGI_STATUS_MODE_CHANGE_IN_PROGRESS'
C:\Dev\security\israeliclient2.0\19\thirdparty\dxsdk\Include\dxgitype.h(21,9): warning C4005: 'DXGI_ERROR_INVALID_CALL': macro redefinition
C:\Program Files (x86)\Windows Kits\10\Include\10.0.26100.0\shared\winerror.h(59351,9): note: see previous definition of 'DXGI_ERROR_INVALID_CALL'
C:\Dev\security\israeliclient2.0\19\thirdparty\dxsdk\Include\dxgitype.h(22,9): warning C4005: 'DXGI_ERROR_NOT_FOUND': macro redefinition
C:\Program Files (x86)\Windows Kits\10\Include\10.0.26100.0\shared\winerror.h(59360,9): note: see previous definition of 'DXGI_ERROR_NOT_FOUND'
C:\Dev\security\israeliclient2.0\19\thirdparty\dxsdk\Include\dxgitype.h(23,9): warning C4005: 'DXGI_ERROR_MORE_DATA': macro redefinition
C:\Program Files (x86)\Windows Kits\10\Include\10.0.26100.0\shared\winerror.h(59369,9): note: see previous definition of 'DXGI_ERROR_MORE_DATA'
C:\Dev\security\israeliclient2.0\19\thirdparty\dxsdk\Include\dxgitype.h(24,9): warning C4005: 'DXGI_ERROR_UNSUPPORTED': macro redefinition
C:\Program Files (x86)\Windows Kits\10\Include\10.0.26100.0\shared\winerror.h(59378,9): note: see previous definition of 'DXGI_ERROR_UNSUPPORTED'
C:\Dev\security\israeliclient2.0\19\thirdparty\dxsdk\Include\dxgitype.h(25,9): warning C4005: 'DXGI_ERROR_DEVICE_REMOVED': macro redefinition
C:\Program Files (x86)\Windows Kits\10\Include\10.0.26100.0\shared\winerror.h(59387,9): note: see previous definition of 'DXGI_ERROR_DEVICE_REMOVED'
C:\Dev\security\israeliclient2.0\19\thirdparty\dxsdk\Include\dxgitype.h(26,9): warning C4005: 'DXGI_ERROR_DEVICE_HUNG': macro redefinition
C:\Program Files (x86)\Windows Kits\10\Include\10.0.26100.0\shared\winerror.h(59396,9): note: see previous definition of 'DXGI_ERROR_DEVICE_HUNG'
C:\Dev\security\israeliclient2.0\19\thirdparty\dxsdk\Include\dxgitype.h(27,9): warning C4005: 'DXGI_ERROR_DEVICE_RESET': macro redefinition
C:\Program Files (x86)\Windows Kits\10\Include\10.0.26100.0\shared\winerror.h(59406,9): note: see previous definition of 'DXGI_ERROR_DEVICE_RESET'
C:\Dev\security\israeliclient2.0\19\thirdparty\dxsdk\Include\dxgitype.h(28,9): warning C4005: 'DXGI_ERROR_WAS_STILL_DRAWING': macro redefinition
C:\Program Files (x86)\Windows Kits\10\Include\10.0.26100.0\shared\winerror.h(59415,9): note: see previous definition of 'DXGI_ERROR_WAS_STILL_DRAWING'
C:\Dev\security\israeliclient2.0\19\thirdparty\dxsdk\Include\dxgitype.h(29,9): warning C4005: 'DXGI_ERROR_FRAME_STATISTICS_DISJOINT': macro redefinition
C:\Program Files (x86)\Windows Kits\10\Include\10.0.26100.0\shared\winerror.h(59425,9): note: see previous definition of 'DXGI_ERROR_FRAME_STATISTICS_DISJOINT'
C:\Dev\security\israeliclient2.0\19\thirdparty\dxsdk\Include\dxgitype.h(30,9): warning C4005: 'DXGI_ERROR_GRAPHICS_VIDPN_SOURCE_IN_USE': macro redefinition
C:\Program Files (x86)\Windows Kits\10\Include\10.0.26100.0\shared\winerror.h(59434,9): note: see previous definition of 'DXGI_ERROR_GRAPHICS_VIDPN_SOURCE_IN_USE'
C:\Dev\security\israeliclient2.0\19\thirdparty\dxsdk\Include\dxgitype.h(31,9): warning C4005: 'DXGI_ERROR_DRIVER_INTERNAL_ERROR': macro redefinition
C:\Program Files (x86)\Windows Kits\10\Include\10.0.26100.0\shared\winerror.h(59444,9): note: see previous definition of 'DXGI_ERROR_DRIVER_INTERNAL_ERROR'
C:\Dev\security\israeliclient2.0\19\thirdparty\dxsdk\Include\dxgitype.h(32,9): warning C4005: 'DXGI_ERROR_NONEXCLUSIVE': macro redefinition
C:\Program Files (x86)\Windows Kits\10\Include\10.0.26100.0\shared\winerror.h(59453,9): note: see previous definition of 'DXGI_ERROR_NONEXCLUSIVE'
C:\Dev\security\israeliclient2.0\19\thirdparty\dxsdk\Include\dxgitype.h(33,9): warning C4005: 'DXGI_ERROR_NOT_CURRENTLY_AVAILABLE': macro redefinition
C:\Program Files (x86)\Windows Kits\10\Include\10.0.26100.0\shared\winerror.h(59462,9): note: see previous definition of 'DXGI_ERROR_NOT_CURRENTLY_AVAILABLE'
C:\Dev\security\israeliclient2.0\19\thirdparty\dxsdk\Include\dxgitype.h(34,9): warning C4005: 'DXGI_ERROR_REMOTE_CLIENT_DISCONNECTED': macro redefinition
C:\Program Files (x86)\Windows Kits\10\Include\10.0.26100.0\shared\winerror.h(59472,9): note: see previous definition of 'DXGI_ERROR_REMOTE_CLIENT_DISCONNECTED'
C:\Dev\security\israeliclient2.0\19\thirdparty\dxsdk\Include\dxgitype.h(35,9): warning C4005: 'DXGI_ERROR_REMOTE_OUTOFMEMORY': macro redefinition
C:\Program Files (x86)\Windows Kits\10\Include\10.0.26100.0\shared\winerror.h(59481,9): note: see previous definition of 'DXGI_ERROR_REMOTE_OUTOFMEMORY'
C:\Dev\security\israeliclient2.0\19\thirdparty\dxsdk\Include\d3d11.h(917,9): warning C4005: 'D3D11_ERROR_TOO_MANY_UNIQUE_STATE_OBJECTS': macro redefinition
C:\Program Files (x86)\Windows Kits\10\Include\10.0.26100.0\shared\winerror.h(59796,9): note: see previous definition of 'D3D11_ERROR_TOO_MANY_UNIQUE_STATE_OBJECTS'
C:\Dev\security\israeliclient2.0\19\thirdparty\dxsdk\Include\d3d11.h(918,9): warning C4005: 'D3D11_ERROR_FILE_NOT_FOUND': macro redefinition
C:\Program Files (x86)\Windows Kits\10\Include\10.0.26100.0\shared\winerror.h(59805,9): note: see previous definition of 'D3D11_ERROR_FILE_NOT_FOUND'
C:\Dev\security\israeliclient2.0\19\thirdparty\dxsdk\Include\d3d11.h(919,9): warning C4005: 'D3D11_ERROR_TOO_MANY_UNIQUE_VIEW_OBJECTS': macro redefinition
C:\Program Files (x86)\Windows Kits\10\Include\10.0.26100.0\shared\winerror.h(59815,9): note: see previous definition of 'D3D11_ERROR_TOO_MANY_UNIQUE_VIEW_OBJECTS'
C:\Dev\security\israeliclient2.0\19\thirdparty\dxsdk\Include\d3d11.h(920,9): warning C4005: 'D3D11_ERROR_DEFERRED_CONTEXT_MAP_WITHOUT_INITIAL_DISCARD': macro redefinition
C:\Program Files (x86)\Windows Kits\10\Include\10.0.26100.0\shared\winerror.h(59824,9): note: see previous definition of 'D3D11_ERROR_DEFERRED_CONTEXT_MAP_WITHOUT_INITIAL_DISCARD'
C:\Dev\security\israeliclient2.0\19\thirdparty\dxsdk\Include\d3d10.h(608,9): warning C4005: 'D3D10_ERROR_TOO_MANY_UNIQUE_STATE_OBJECTS': macro redefinition
C:\Program Files (x86)\Windows Kits\10\Include\10.0.26100.0\shared\winerror.h(59772,9): note: see previous definition of 'D3D10_ERROR_TOO_MANY_UNIQUE_STATE_OBJECTS'
C:\Dev\security\israeliclient2.0\19\thirdparty\dxsdk\Include\d3d10.h(609,9): warning C4005: 'D3D10_ERROR_FILE_NOT_FOUND': macro redefinition
C:\Program Files (x86)\Windows Kits\10\Include\10.0.26100.0\shared\winerror.h(59781,9): note: see previous definition of 'D3D10_ERROR_FILE_NOT_FOUND'
C:\Dev\security\israeliclient2.0\19\framework\settings\functions.h(42,31): warning C4459: declaration of 'var' hides global declaration
C:\Dev\security\israeliclient2.0\19\framework\settings\variables.h(650,20): note: see declaration of 'var'
C:\Dev\security\israeliclient2.0\19\framework\settings\functions.h(402,90): warning C4244: 'return': conversion from 'double' to 'float', possible loss of data
C:\Dev\security\israeliclient2.0\19\framework\settings\functions.h(404,52): warning C4305: 'initializing': truncation from 'double' to 'float'
C:\Dev\security\israeliclient2.0\19\framework\settings\functions.h(404,116): warning C4244: 'return': conversion from 'double' to 'float', possible loss of data
C:\Dev\security\israeliclient2.0\19\framework\data\sounds.h(1,1): warning C4828: The file contains a character starting at offset 0x29 that is illegal in the current source character set (codepage 65001).
C:\Dev\security\israeliclient2.0\19\framework\esp\game_data.h(188,5): warning C4996: 'strncpy': This function or variable may be unsafe. Consider using strncpy_s instead. To disable deprecation, use _CRT_SECURE_NO_WARNINGS. See online help for details.
C:\Dev\security\israeliclient2.0\19\framework\esp\game_data.h(722,34): warning C4996: 'strcpy': This function or variable may be unsafe. Consider using strcpy_s instead. To disable deprecation, use _CRT_SECURE_NO_WARNINGS. See online help for details.
C:\Dev\security\israeliclient2.0\19\framework\esp\game_data.h(768,28): warning C4996: 'strcpy': This function or variable may be unsafe. Consider using strcpy_s instead. To disable deprecation, use _CRT_SECURE_NO_WARNINGS. See online help for details.
C:\Dev\security\israeliclient2.0\19\framework\esp\game_data.h(806,28): warning C4996: 'strcpy': This function or variable may be unsafe. Consider using strcpy_s instead. To disable deprecation, use _CRT_SECURE_NO_WARNINGS. See online help for details.
C:\Dev\security\israeliclient2.0\19\framework\esp\game_data.h(877,34): warning C4996: 'strcpy': This function or variable may be unsafe. Consider using strcpy_s instead. To disable deprecation, use _CRT_SECURE_NO_WARNINGS. See online help for details.
C:\Dev\security\israeliclient2.0\19\framework\esp\game_data.h(964,25): warning C4996: 'strcpy': This function or variable may be unsafe. Consider using strcpy_s instead. To disable deprecation, use _CRT_SECURE_NO_WARNINGS. See online help for details.
C:\Dev\security\israeliclient2.0\19\framework\esp\game_data.h(968,17): warning C4996: 'strcpy': This function or variable may be unsafe. Consider using strcpy_s instead. To disable deprecation, use _CRT_SECURE_NO_WARNINGS. See online help for details.
C:\Dev\security\israeliclient2.0\19\framework\esp\game_data.h(997,26): warning C4996: 'strcpy': This function or variable may be unsafe. Consider using strcpy_s instead. To disable deprecation, use _CRT_SECURE_NO_WARNINGS. See online help for details.
C:\Dev\security\israeliclient2.0\19\framework\esp\game_data.h(994,33): warning C4996: 'strncpy': This function or variable may be unsafe. Consider using strncpy_s instead. To disable deprecation, use _CRT_SECURE_NO_WARNINGS. See online help for details.
C:\Dev\security\israeliclient2.0\19\framework\esp\esp_renderer.h(469,31): warning C4100: 'nonvis_col': unreferenced parameter
C:\Dev\security\israeliclient2.0\19\framework\esp\esp_renderer.h(745,82): warning C4100: 'now': unreferenced parameter
C:\Dev\security\israeliclient2.0\19\framework\esp\esp_renderer.h(745,49): warning C4100: 'cache_static': unreferenced parameter
C:\Dev\security\israeliclient2.0\19\framework\esp\esp_renderer.h(745,32): warning C4100: 'use_bounds': unreferenced parameter
C:\Dev\security\israeliclient2.0\19\framework\esp\esp_renderer.h(741,68): warning C4100: 'comp': unreferenced parameter
C:\Dev\security\israeliclient2.0\19\framework\esp\esp_renderer.h(914,9): warning C4996: 'strncpy': This function or variable may be unsafe. Consider using strncpy_s instead. To disable deprecation, use _CRT_SECURE_NO_WARNINGS. See online help for details.
C:\Dev\security\israeliclient2.0\19\framework\esp\esp_renderer.h(931,13): warning C4996: 'strncpy': This function or variable may be unsafe. Consider using strncpy_s instead. To disable deprecation, use _CRT_SECURE_NO_WARNINGS. See online help for details.
C:\Dev\security\israeliclient2.0\19\framework\esp\esp_renderer.h(939,45): warning C4996: 'strncpy': This function or variable may be unsafe. Consider using strncpy_s instead. To disable deprecation, use _CRT_SECURE_NO_WARNINGS. See online help for details.
C:\Dev\security\israeliclient2.0\19\framework\esp\esp_renderer.h(1156,39): warning C4996: 'strcpy': This function or variable may be unsafe. Consider using strcpy_s instead. To disable deprecation, use _CRT_SECURE_NO_WARNINGS. See online help for details.
C:\Dev\security\israeliclient2.0\19\thirdparty\imgui\examples\example_win32_directx11\main.cpp(29,19): warning C4565: 'malloc': redefinition; the symbol was previously declared with __declspec(restrict)
C:\Dev\security\israeliclient2.0\19\thirdparty\imgui\examples\example_win32_directx11\main.cpp(31,19): warning C4565: 'calloc': redefinition; the symbol was previously declared with __declspec(restrict)
C:\Dev\security\israeliclient2.0\19\thirdparty\imgui\examples\example_win32_directx11\main.cpp(32,19): warning C4565: 'realloc': redefinition; the symbol was previously declared with __declspec(restrict)
C:\Dev\security\israeliclient2.0\19\thirdparty\imgui\examples\example_win32_directx11\main.cpp(246,21): warning C4611: interaction between '_setjmp' and C++ object destruction is non-portable
Generating Code...
Compiling C files...
hook.c
C:\Dev\security\israeliclient2.0\vendor\minhook\src\hook.c(419,43): warning C4310: cast truncates constant value
C:\Dev\security\israeliclient2.0\vendor\minhook\src\hook.c(435,26): warning C4244: '=': conversion from 'BOOL' to 'UINT8', possible loss of data
C:\Dev\security\israeliclient2.0\vendor\minhook\src\hook.c(436,26): warning C4244: '=': conversion from 'BOOL' to 'UINT8', possible loss of data
C:\Dev\security\israeliclient2.0\vendor\minhook\src\hook.c(612,52): warning C4244: '=': conversion from 'BOOL' to 'UINT8', possible loss of data
C:\Dev\security\israeliclient2.0\vendor\minhook\src\hook.c(796,49): warning C4244: '=': conversion from 'BOOL' to 'UINT8', possible loss of data
C:\Dev\security\israeliclient2.0\vendor\minhook\src\hook.c(803,51): warning C4244: '=': conversion from 'BOOL' to 'UINT8', possible loss of data
buffer.c
C:\Dev\security\israeliclient2.0\vendor\minhook\src\buffer.c(49,6): warning C4201: nonstandard extension used: nameless struct/union
trampoline.c
C:\Dev\security\israeliclient2.0\vendor\minhook\src\trampoline.c(286,19): warning C4244: '+=': conversion from 'UINT' to 'UINT8', possible loss of data
hde64.c
Generating Code...
C:\Dev\security\israeliclient2.0\vendor\minhook\src\hde\hde64.c(59) : warning C4701: potentially uninitialized local variable 'c' used
Linking...
freetype.lib(ftbase.obj) : warning LNK4099: PDB 'freetype.pdb' was not found with 'freetype.lib(ftbase.obj)' or at 'C:\Dev\security\israeliclient2.0\19\thirdparty\imgui\examples\example_win32_directx11\Release\freetype.pdb'; linking object as if no debug info
freetype.lib(ftinit.obj) : warning LNK4099: PDB 'freetype.pdb' was not found with 'freetype.lib(ftinit.obj)' or at 'C:\Dev\security\israeliclient2.0\19\thirdparty\imgui\examples\example_win32_directx11\Release\freetype.pdb'; linking object as if no debug info
freetype.lib(ftsynth.obj) : warning LNK4099: PDB 'freetype.pdb' was not found with 'freetype.lib(ftsynth.obj)' or at 'C:\Dev\security\israeliclient2.0\19\thirdparty\imgui\examples\example_win32_directx11\Release\freetype.pdb'; linking object as if no debug info
freetype.lib(ftsystem.obj) : warning LNK4099: PDB 'freetype.pdb' was not found with 'freetype.lib(ftsystem.obj)' or at 'C:\Dev\security\israeliclient2.0\19\thirdparty\imgui\examples\example_win32_directx11\Release\freetype.pdb'; linking object as if no debug info
freetype.lib(autofit.obj) : warning LNK4099: PDB 'freetype.pdb' was not found with 'freetype.lib(autofit.obj)' or at 'C:\Dev\security\israeliclient2.0\19\thirdparty\imgui\examples\example_win32_directx11\Release\freetype.pdb'; linking object as if no debug info
freetype.lib(truetype.obj) : warning LNK4099: PDB 'freetype.pdb' was not found with 'freetype.lib(truetype.obj)' or at 'C:\Dev\security\israeliclient2.0\19\thirdparty\imgui\examples\example_win32_directx11\Release\freetype.pdb'; linking object as if no debug info
freetype.lib(type1.obj) : warning LNK4099: PDB 'freetype.pdb' was not found with 'freetype.lib(type1.obj)' or at 'C:\Dev\security\israeliclient2.0\19\thirdparty\imgui\examples\example_win32_directx11\Release\freetype.pdb'; linking object as if no debug info
freetype.lib(cff.obj) : warning LNK4099: PDB 'freetype.pdb' was not found with 'freetype.lib(cff.obj)' or at 'C:\Dev\security\israeliclient2.0\19\thirdparty\imgui\examples\example_win32_directx11\Release\freetype.pdb'; linking object as if no debug info
freetype.lib(type1cid.obj) : warning LNK4099: PDB 'freetype.pdb' was not found with 'freetype.lib(type1cid.obj)' or at 'C:\Dev\security\israeliclient2.0\19\thirdparty\imgui\examples\example_win32_directx11\Release\freetype.pdb'; linking object as if no debug info
freetype.lib(pfr.obj) : warning LNK4099: PDB 'freetype.pdb' was not found with 'freetype.lib(pfr.obj)' or at 'C:\Dev\security\israeliclient2.0\19\thirdparty\imgui\examples\example_win32_directx11\Release\freetype.pdb'; linking object as if no debug info
freetype.lib(type42.obj) : warning LNK4099: PDB 'freetype.pdb' was not found with 'freetype.lib(type42.obj)' or at 'C:\Dev\security\israeliclient2.0\19\thirdparty\imgui\examples\example_win32_directx11\Release\freetype.pdb'; linking object as if no debug info
freetype.lib(winfnt.obj) : warning LNK4099: PDB 'freetype.pdb' was not found with 'freetype.lib(winfnt.obj)' or at 'C:\Dev\security\israeliclient2.0\19\thirdparty\imgui\examples\example_win32_directx11\Release\freetype.pdb'; linking object as if no debug info
freetype.lib(pcf.obj) : warning LNK4099: PDB 'freetype.pdb' was not found with 'freetype.lib(pcf.obj)' or at 'C:\Dev\security\israeliclient2.0\19\thirdparty\imgui\examples\example_win32_directx11\Release\freetype.pdb'; linking object as if no debug info
freetype.lib(bdf.obj) : warning LNK4099: PDB 'freetype.pdb' was not found with 'freetype.lib(bdf.obj)' or at 'C:\Dev\security\israeliclient2.0\19\thirdparty\imgui\examples\example_win32_directx11\Release\freetype.pdb'; linking object as if no debug info
freetype.lib(psaux.obj) : warning LNK4099: PDB 'freetype.pdb' was not found with 'freetype.lib(psaux.obj)' or at 'C:\Dev\security\israeliclient2.0\19\thirdparty\imgui\examples\example_win32_directx11\Release\freetype.pdb'; linking object as if no debug info
freetype.lib(psmodule.obj) : warning LNK4099: PDB 'freetype.pdb' was not found with 'freetype.lib(psmodule.obj)' or at 'C:\Dev\security\israeliclient2.0\19\thirdparty\imgui\examples\example_win32_directx11\Release\freetype.pdb'; linking object as if no debug info
freetype.lib(pshinter.obj) : warning LNK4099: PDB 'freetype.pdb' was not found with 'freetype.lib(pshinter.obj)' or at 'C:\Dev\security\israeliclient2.0\19\thirdparty\imgui\examples\example_win32_directx11\Release\freetype.pdb'; linking object as if no debug info
freetype.lib(sfnt.obj) : warning LNK4099: PDB 'freetype.pdb' was not found with 'freetype.lib(sfnt.obj)' or at 'C:\Dev\security\israeliclient2.0\19\thirdparty\imgui\examples\example_win32_directx11\Release\freetype.pdb'; linking object as if no debug info
freetype.lib(smooth.obj) : warning LNK4099: PDB 'freetype.pdb' was not found with 'freetype.lib(smooth.obj)' or at 'C:\Dev\security\israeliclient2.0\19\thirdparty\imgui\examples\example_win32_directx11\Release\freetype.pdb'; linking object as if no debug info
freetype.lib(raster.obj) : warning LNK4099: PDB 'freetype.pdb' was not found with 'freetype.lib(raster.obj)' or at 'C:\Dev\security\israeliclient2.0\19\thirdparty\imgui\examples\example_win32_directx11\Release\freetype.pdb'; linking object as if no debug info
freetype.lib(sdf.obj) : warning LNK4099: PDB 'freetype.pdb' was not found with 'freetype.lib(sdf.obj)' or at 'C:\Dev\security\israeliclient2.0\19\thirdparty\imgui\examples\example_win32_directx11\Release\freetype.pdb'; linking object as if no debug info
freetype.lib(svg.obj) : warning LNK4099: PDB 'freetype.pdb' was not found with 'freetype.lib(svg.obj)' or at 'C:\Dev\security\israeliclient2.0\19\thirdparty\imgui\examples\example_win32_directx11\Release\freetype.pdb'; linking object as if no debug info
freetype.lib(ftbitmap.obj) : warning LNK4099: PDB 'freetype.pdb' was not found with 'freetype.lib(ftbitmap.obj)' or at 'C:\Dev\security\israeliclient2.0\19\thirdparty\imgui\examples\example_win32_directx11\Release\freetype.pdb'; linking object as if no debug info
freetype.lib(ftgzip.obj) : warning LNK4099: PDB 'freetype.pdb' was not found with 'freetype.lib(ftgzip.obj)' or at 'C:\Dev\security\israeliclient2.0\19\thirdparty\imgui\examples\example_win32_directx11\Release\freetype.pdb'; linking object as if no debug info
freetype.lib(ftlzw.obj) : warning LNK4099: PDB 'freetype.pdb' was not found with 'freetype.lib(ftlzw.obj)' or at 'C:\Dev\security\israeliclient2.0\19\thirdparty\imgui\examples\example_win32_directx11\Release\freetype.pdb'; linking object as if no debug info
freetype.lib(ftdebug.obj) : warning LNK4099: PDB 'freetype.pdb' was not found with 'freetype.lib(ftdebug.obj)' or at 'C:\Dev\security\israeliclient2.0\19\thirdparty\imgui\examples\example_win32_directx11\Release\freetype.pdb'; linking object as if no debug info
BUILD_OK
